구분,행사명,날짜,장소,주최자,내용
학술,경력개발센터강연,2023-11-07,롯데국제교육관,경력개발센터,주제: 커리어 대변혁 시대에 대처하는 우리의 자세
학술,수학기반산업데이터해석연구센터 콜로키엄,2023-11-07,수리과학연구동,수학기반산업데이터해,주제: 생물 다양성과 AI에 대한 수학적 분석 및 계산 그리고 명상과학
학술,경력개발센터 진로콘서트,2023-11-07,체육문화연구동,경력개발센터,주제: CEO와 함께하는 SNU 진로콘서트
학술,금융경제연구원 세미나,2023-11-07,우석경제관,경제학부,주제: 해고 위기에서의 변동없는 임금
학술,총장과의 대화,2023-11-07,미술관,서울대학교,제목: 라운지에서: 요즘 대학원
학술,수리과학부 강연,2023-11-07,수리과학연구동,수리과학부,주제: 작용소대수와 양자정보이론
학술,대학생문화원 자살예방교육,2023-11-07,ZOOM,대학생활문화원,주제: 2023학년도 1학기 찾아오는 생명지킴이 교육
학술,통일평화연구원 통일학포럼,2023-11-07,ZOOM,미래혁신연구원,주제: 드론과 그리고 미래전쟁
학술,기초교육원 워크숍,2023-11-07,ZOOM,미래교육혁신센터,주제:챗지피티와 함께하는 5가지 학습전략
학술,동북아시아센터 워크숍,2023-11-07,아시아연구소,동북아시아센터,주제: 시청각 아카이브 연구방법으로서 몸짓으로서 세계:시네모빌리티
학술,전기·정보세미나3,2023-11-07,301동 118호,전기정보공학부,본 세미나에서는 글로벌 인공지능 가전와 삼성 AI 가전 현황을 소개하고 미래 AI 가 전의 비젼을 보여주고자 합니다. 빠르게 성장하고 있는 Global AI 가전 동향을 소 개하고 AI가전의 정의에 대해서 논의합니다. 단순한 Connectivity를 넘어 Data 기 반 인공지능화를 이루고 새로운 서비스를 제공하는 AI 가전의 개념 변화를 소개 합니다. 그리고 이에 대한 국내외 주요 AI 가전 사례를 보여줍니다. 음성과 Vision 인식 기술 적용된 Family Hub Vision 인식 기술 적용된 AI Oven 주행 관 련 기술 적용된 로봇청소기 데이터 기반 분석 기술 적용된 세탁기/건조기와 ChatGPT를 활용한 미래 AI 가전을 소개합니다. 이를 통해 Samsung AI 가전의 미 래 비젼을 소개합니다.
학술,삼성 파운드리의 현재와 미래,2023-11-08,301동 118호,전기정보공학부,요약: 1. 반도체 산업의 발전 반도체 발전의 역사 및 오늘날의 현황 2. 반도체 생태계 변화 – 파운드리 시장의 대두 반도체 시장 변화의 방향 및 파운드리 시장의 중요성 대두 3. 삼성 파운드리 – 기술 리더십 삼성 파운드리의 기술력 및 향후 비전
학술,의료데이터 활용을 위한 연구검색 솔루션,2023-11-08,자연과학대학 504동 105호,생명과학부,서울대학교 생명과학부 10-10 프로젝트에서는 2주에 한 번 화요일 오후 4시에 산업체 CEO 세미나 시리즈를 통해 국내 바이오 산업에서 중요한 성과를 이룬 CEO들을 모시고 실제 산업적 연구 경험들을 공유할 수 있는 자리를 제공하고 있습니다. 2023년 9월 19일 화요일에 진행될 세미나의 연사는 기업 ‘Planit Healthcare’의 CSO이신 박동현 박사님이십니다. 자세한 사항은 아래 내용 참고 부탁드리며 생명과학 분야에 관심 있으신 분들의 많은 참석 부탁드리겠습니다. 감사합니다.
학술,동적 3D 세계 다음 세대의 인공지능,2023-11-08,zoom: https://snu-ac-kr.zoom.u,데이터사이언스대학원,이번 주 데이터사이언스 세미나 연사는 첫 안식년을 맞아 태평양 건너 UC San Diego에서 AI 기반 Dynamic 3D World를 연구중인 전기정보공학부 김영민 교수입니다. 이번 강연에서 AI 기술을 적용하여 현실 3D 세계를 인식하는 최신 연구들을 소개하고 제한적인 데이터를 통한 3D 모델링 기술을 소개합니다.  김영민 교수는 2006년 서울대 전기정보공학부를 졸업한 뒤 2013년 스탠포드에서 3D Geometry 및 Vision 분야 연구로 박사를 받았습니다. 이후 KIST를 거쳐 2019년 서울대에 부임했습니다.
학술,CXL의 힘 해방: 첨단 기술의 미래 탐험,2023-11-08,302동 509호,컴퓨터공학부,최근 Compute Express Link (CXL)는 컴퓨터 하드웨어를 더 효율적으로 사용하게 해주는 기술로 주목받고 있습니다. 아직 이 기술을 완전히 활용하는 제품은 많지 않지만 앞으로 많은 변화를 가져올 것으로 보입니다. 이 발표에서는 CXL에 대해 간단히 알아보고 어떻게 도움이 될 수 있는지 예시를 통해 설명하겠습니다.  CXL은 컴퓨터의 더 빠른 처리를 도와주는 새로운 기술입니다. 이 기술을 사용하면 다양한 장치들을 더 효과적으로 연결할 수 있습니다. 예를 들면 CXL을 사용하여 컴퓨터의 중앙 부품과 메모리를 직접 연결하거나 저장 공간을 더 빠르게 만드는 시스템을 만들 수 있습니다.  마지막으로 앞으로 CXL 기술을 더 발전시키기 위한 새로운 기기들에 대해서도 간략히 소개하겠습니다.
학술,문법으로 압축된 문자 트리 그래프에 대한 알고리즘을 향,2023-11-08,301동 551-4호 (HAWAII),컴퓨터공학부. 데이,발표내용:  컴퓨터는 큰 데이터를 처리할 때 그 크기에 따라 빠르기가 달라집니다. 문법 기반 압축은 데이터를 작게 만들어 더 빠르게 처리할 수 있게 도와주는 기술입니다. 이 발표에서는 이 기술을 어떻게 사용하는지 그리고 데이터를 더 빠르게 처리하기 위해 어떻게 도와주는지에 대해 설명하겠습니다.  발표자 소개:  Stefan Böttcher는 독일의 한 대학에서 컴퓨터 과학을 가르치는 교수입니다. 그는 데이터베이스와 관련된 여러 연구를 했으며 100편 이상의 논문을 썼습니다. 그는 여러 기업과 함께 일하면서 많은 경험을 쌓았고 컴퓨터 과학 교육에도 많이 기여하고 있습니다.
학술,최근 기계 학습의 발전된 알고리즘,2023-11-08,302동 209호,컴퓨터공학부,Traditional algorithmic research has mainly been focused on worst-case guarantees. Although it has discovered numerous algorithmic ideas of fundamental importance unfortunately the resulting algorithms dont often perform the best in practice. This is because they are designed to handle all instances equally including pathological ones that are hardly observed. To bridge this gap there have been strong efforts to go beyond worst-case algorithmics. Machine learning augmented algorithms is a fascinating and emerging line of work in the beyond-worst-case algorithmics aiming to strengthen traditional algorithms with machine-learned predictions. In this talk I will give a high-level overview of ML augmented algorithms and present some of my recent works in the area.  발표자 소개:  Sungjin Im is an associate professor at the University of California Merced and is also a consulting research scientist for RelationalAI. He obtained his BS and MS in computer science and engineering at Seoul National U
학술,신뢰할 수 있는 AI를 위한 확률적 추론 및 학습,2023-11-08,301동 101호,컴퓨터공학부,발표내용:  As automated decision-making systems are increasingly deployed in areas with personal and societal impacts there is a growing demand for artificial intelligence and machine learning systems that are fair robust interpretable and generally trustworthy. This raises the need for a unified language and framework under which we can reason about and develop trustworthy AI systems. In this talk I will discuss how tractable probabilistic reasoning and learning provides such a framework. Taking fairness-aware learning as an example I will show how we can deal with biased labels in the training data by explicitly modeling the observed labels as being generated from some probabilistic process that injects bias/noise to hidden fair labels particularly in a way that best explains the observed data. The inferred fair labels can then be used to better audit the fairness of classifiers as well. In addition I will also discuss recent breakthroughs in tractable inference of more complex q ueries 
학술,온라인/오프라인에서의 정치 및 사회 경제적 분극에 IC,2023-11-08,302동 209호,컴퓨터공학부,발표내용:  In this talk I will present my works on diversity exposure and social inclusion. Across the globe rising inequality and political polarization is dismantling common spaces where people from different backgrounds come together. As market mechanisms deeply permeate our society people make diverging choices about where to live work or attend school even where to shop socialize or which hospitals to visit. This societal fragmentation is also mirrored in online spaces in the choices of news political contents social network and online communities. People increasingly lose common ground and opportunities to build social empathy and collective problem solving skills which ultimately threatens the democracy and resilience of the society. In the first half I will present my early works that develop AI and interactive systems that empower people to compare and contrast different ideological viewpoints and practice media literacy in their daily news browsing sessions. The next part will co
학술,컴퓨팅 프론티어 여름학교,2023-11-08,302동 105호,컴퓨터공학부 협동과,Session 1. Human Computer Interaction & Natural Language Processing Chair: Jinwook Seo   10:00 - 10:50 Mina Lee Microsoft Research Designing and Evaluating Language Models for Human Interaction   10:50 - 11:40 Eun Kyoung Choe Uni. of Maryland Inclusive and Accessible Health Tracking for All   11:40 - 13:00 Lunch Break Session 2. Network Chair: Youngki Lee   13:00 - 13:50 Daehyeok Kim Uni. of Texas Austin Unleashing the Potential of In-network Computing   13:50 - 14:40 KyoungSoo Park KAIST Challenges and Opportunities with Smart Networking   14:40 - 15:00 Coffee Break Session 3. System & Students Chair: Youngki Lee   15:00 - 15:50 Youngjin Kwon KAIST Designing and Building New OS for Cloud Services   15:50 - 16:10 Hyeon Jeon SNU CLAMS: A Cluster Ambiguity Measure for Estimating Perceptual Variability in Visual Clustering   16:10 - 16:30 Yoona Kim SNU Integrated Host-SSD Mapping Table Management for Improving User Experience of Smartphones   16:30 - 16:40 Short Break for Moving Session 4
학술,2023.10. 4 콜로퀴움 (물리학 전공),2023-11-08,56동 105호,물리천문학부 (물리,이번 주 콜로퀴움 안내 입니다.  주제 : To be announced  연사 : Vidya Madhaven (University of Illionois Urbana-Champaign)  일시 : 2023-10-04 16:00 ~  장소: 56동105호
학술,2023.9. 27 콜로퀴움 (물리학 전공),2023-11-08,56동 105호,물리천문학부 (물리,이번 주 콜로퀴움 안내 입니다.  주제 : A superconducting quantum simulator based on a photonic-bandgap metamaterial  연사 : 김은종 (서울대학교 물리천문학부)  일시 : 2023-09-27 16:00 ~  장소: 56동105호
학술,2023. 9. 14 콜로퀴움 (천문학 전공),2023-11-08,19동 212호,물리천문학부 (천문,Date 2023-09-14~2023-09-14 16:00~18:00 Location Astronomy Seminar Room (Building 19 Room 212) Speaker Prof. Kyung-Won Suh (Chungbuk National University) In this talk I review properties of AGB stars in our Galaxy and the Magellanic clouds. Recently we have published new catalogs of the AGB stars. The catalogs are in two parts: one is based on the IRAS source catalog for brighter or more isolated objects; the other one is based on the AllWISE source catalog for less bright objects or objects in crowded regions. For each object we have cross-identified the IRAS AKARI MSX AllWISE 2MASS AAVSO and Gaia DR3 counterparts. We present various spectral energy distributions (SEDs) and IR two-color diagrams (2CDs) for the sample stars. We have used various radiative transfer models for dust envelopes of the AGB stars. We find that the theoretical models can explain the observations of the AGB stars on the SEDs and IR 2CDs fairly well. We have also studied the variational properties of the pulsatin
학술,2023. 9. 21 콜로퀴움 (천문학 전공),2023-11-08,19동 212호,물리천문학부 (천문,Date 2023-09-21~2023-09-21 16:00~18:00 Location Astronomy Seminar Room (Building 19 Room 212) Speaker Dr. Yeon Joo Lee (IBS) Venus is considered Earth’s twin due to their similar size mass and distance from the Sun. Before in-situ measurements researchers expected Venus to be habitable. However in-situ measurements confirmed the hot surface temperature and dense atmospheric pressure which are harsh for any known life. Instead recent Venus observations revealed long-term variability which may be linked with possible surface volcanic activities. Future Venus missions will investigate such likely active volcanoes which may provide insights into the mechanisms behind the long-term variability. Such geological activities may help us estimate the planets past e.g. how Venus lost its water to space. At the end of my presentation I will introduce a funded Korean project named “CLOVE (Chasing the Long-term Variability of Our Nearest Neighbor Planet Venus) which will monitor Venus for a long per
학술,뇌과학세미나2 초청 세미나,2023-11-08,28동 302호,심리학과,- 제목 : 중독의 인지신경학적 기전 - 연자 : 안우영 교수님 (서울대 심리학과) - 초정자 : 이수현 교수님 (서울대 심리학과) - 일시 : 2023년 9월 21일 (목) 오전 11시 - 장소: 서울대학교 관악캠퍼스 28동 302호   - Abstract : 실생활에서 일어나는 다양한 의사결정을 실험실 상황에서 모사하기 위한 여러가지 심리학 및 인공지능 기법들을 소개하고 랩에서 진행된 관련 연구들을 소개하는 시간을 가진다.  - Zoom 회의 참가 https://snu-ac-kr.zoom.us/j/99632570373?pwd=QXZMWUVoZEkzVnUyY0poanAyclBHdz09  회의 ID: 996 3257 0373 암호: 1234
학술,이공계 우수인재 커리어페어 개최 안내,2023-11-08,글로벌공학교육센터(38동) B1F,생명과학부 대학원 ,안녕하세요 서울대학교 생명과학부 대학원 자치회입니다.  학우 여러분께 이공계 진로에 대한 특화된 채용 정보와 기회를 제공하고자 9월 11일(월)부터 13일(수)까지 3일간 이공계 우수인재 CAREER FAIR를 진행 합니다.  채용박람회는 대면행사로 진행되며 https://www.fairon.co.kr/ 를 통해 참여 기업 확인 및 상담 신청을 하실 수 있습니다.  이번 CAREER FAIR에서는 일반채용 산학 연구장학생 병역특례 채용 계획이 있는 기업의 전문화된 채용 정보 및 상담이 제공되며 참여하신 학우분들께 추첨을 통해 푸짐한 경품이 제공될 예정이오니 관심 있는 서울대학교 학생 여러분들의 많은 참여 부탁드립니다.  첨부하여 보내드리는 영상 확인 부탁드리고 박람회 관련하여 문의사항이 있으신 경우 아래의 SENLab 연락처로 문의해 주시기 바랍니다.   박람회 참가해도 될까요? 왜안해?!! https://youtu.be/hTqWVPnBq70  Fairon 이용 매뉴얼 (full ver.) https://youtu.be/hkge_G2GEwc  Fairon 이용 매뉴얼(박람회 ver.) https://youtu.be/rlFlPy02Yj4  Fairon 이용 매뉴얼(매칭 ver.) https://youtu.be/SUzZHVShSV8  Fairon 이용 매뉴얼(설명회&라운지 ver.) https://youtu.be/38bSGIq79XA ------------------------------------------------------------------------------------------------------------------------------------------------------------ [일시] 오프라인 : 2023.09.11(월) ~ 2023.09.13(수) 온라인 : 2023.09.04(월) ~ 2023.09.15(금)  [장소] 글로벌공학교육센터(38동) B1F  [참여 이벤트] 기업상담 2회 완료+박람회 설문 작성1회 시 추첨을 통해
학술,2023 BCS 뇌의 기억과 행동 국제 심포지엄,2023-11-08,서울대 25-1동 국제회의실(1층),뇌인지과학과,서울대학교 뇌인지과학과에서 국제 학술 심포지엄을 2023년 9월 5일 개최합니다.  세계적인 석학들을 모시고 개최될 본 심포지엄에서는 뇌에서 학습과 기억이 어떻게 이루어지며 뇌의 경험이 행동에 어떻게 영향을 미치는지 알아보고자 합니다.  Edmund Rolls Neil Burgess Yuji Naya Inah Lee Sang Ah Lee와 같은 세계적 학자들은 이번 심포지엄을 통해 우리가 학습한 내용을 기억으로 저장하고 향후 이를 인출하여 행동으로 표출하기까지의 뇌과학적 기전이 비교적 많이 알려진 해마(hippocampus) 학습 시스템 및 이와 연관된 정서적 학습 시스템의 작동 기전에 대한 연구를 소개할 것입니다. 또 Vinod Menon과 Jeehyun Kwag과 같은 세계적 학자들이 발달 과정에서의 변화가 학습 관련 신경회로에서 일어나는지와 알츠하이머성 치매가 걸리면 학습 장애가 유발되는 뇌과학적 기전을 설명해 줄 계획입니다  뇌인지과학과는 갈수록 강조되고 있는 인간 뇌의 기능적 고유성과 그 과학적 기전을 이해하고 활용하는 기술의 중요성이 강조되고 있는 지금 시대에 꼭 필요한 국제 심포지엄을 개최하게 되어 기쁘게 생각합니다.  부디 많이 관심을 가져주시고 뇌의 신비를 알 수 있는 부담없는 기회로 생각하시고 적극 참여해주시면 감사하겠습니다.  일 시 : 2023년 9월 5일(화) 09:00 ~ 14:00 장 소 : 서울대 25-1동 국제회의실(1층) 주 제 : “Understanding the Neural Mechanisms of Memory and Behavior” 강연자 : - The contributions of the orbitofrontal cortex and amygdala to emotion and memory (Edmund Rolls / University of Warwick) - Memory (re)construction and consolidation (Neil Burgess / University of College London) - S
학술,2023.10.18 콜로퀴움 (물리학과),2023-11-08,56동 105호,물리천문학부 (물리,이번 주 콜로퀴움 안내 입니다.  주제 : Computational understanding of solar cell materials  연사 : 박지상 (성균관대학교 나노공학과)  일시 : 2023-10-18 16:00 ~  장소: 56동105호
학술,[정규세미나] 전기자동차 배터리시스템 라이프사이클,2023-11-09,500동 목암홀,화학부,소속 : 현대자동차 연사 : 김사흠 일시 : 2023-11-30 16:30 ~ 18:00 장소 : 500동 목암홀
학술,[정규세미나] 생명세포를 그리고 조작하기 위한 단백질 ,2023-11-09,500동 목암홀,화학부,소속 : Stanford University 연사 : Prof. Alice Ting 일시 : 2023-11-23 16:30 ~ 18:00 장소 : 500동 목암홀
학술,뉴욕한인금융인협회(KFS) - 학부생을 위한 진로 멘토,2023-11-09,58동 119호,경영대학,2010년 결성된 뉴욕한인금융인협회(KFS)에서 그동안 미국 및 글로벌 금융시장 내 한국계 인사들의 영향력을 강화하려는 노력을 기울여 오며 국내 대학생들에게 free career consulting 및 networking 기회를 제공해 왔습니다. KFS에서 올 여름 서울에 방문하여 기획재정부 지원 하에 포럼 행사를 개최하는데 이와는 별도로 KFS 김선홍 회장께서 세명의 연사들과 함께 서울대 경영대학에서 학부생들을 위한 career mentoring 세미나를 개최합니다. 경영학을 전공하는 학부생들에게 여러가지 좋은 정보가 제공될 것으로 기대가 되어 많은 참가를 바랍니다.  - 일시: 2023년 8월 21일(월) 오후 4~6시 - 장소: 58동 119호 - 참가를 희망하는 학부생들은 8월 18일 금요일까지 황인이 교수(hiny72@snu.ac.kr)에게 이메일로 신청하기 바랍니다.
학술,아시아대학연맹 2023 학술 학회 참가 안내 (국제 워,2023-11-09,Indian Institute of Technology,경영대학,아시아대학연맹(AUA) 회원교에서 진행하는 「2023 AUA Academic Conference」 참가자를 아래와 같이 모집하오니 관심 있는 교원 연구원 대학원생들의 많은 참여 바랍니다.  1. 프로그램명: 2023 아시아대학연맹(AUA) Academic Conference (The 3rd International Conference on Water Technologies) 2. 기간: 2023년 12월 4일(월)-7일(목) 3. 주관: 인도 Indian Institute of Technology Bombay 4. 지원자격: 수자원 및 관련 기술 분야에서 일하는 교수진 연구원 프로젝트 담당자 과학자 산업 연구원 및 학생 5. 지원방식 가. 제출서류: 논문 초록 신청자 직접 제출(WICTRE - Events (iitb.ac.in) 링크 참조) 나. 제출기한: 2023년 8월 28일(월) 6. 문의처: 국제협력본부 안시헌 (ahnsihun@snu.ac.kr 내선 8636)
학술,NRF 세미나(AI와 윤리 초거대 생성형 AI를 중심으,2023-11-09,유튜브,경영대학,한국연구재단이 주최하는 NRF 세미나(AI와 윤리 초거대 생성형 AI를 중심으로) 개최를 안내드리오니 관심 있는 구성원은 참고하시기 바랍니다.  가. 세미나 개요  ○ 주 제: AI와 윤리 초거대 생성형 AI를 중심으로  ○ 일 시: 2023. 9. 1.(금) 13:30  ○ 발 표: 이상욱 교수(한양대학교 철학과 & 인공지능학과)  ※ UNESCO 세계과학기술윤리위원회 부위원장  ※ 2023년 교육부 연구윤리활동지원사업 AI 연구윤리 연구과제 책임자  나. 참여 방법  ○ 참여링크: https://youtube.com/live/L8MVT7R9Yy8?feature=share  ※ 당일 온라인 생중계로 진행 사전 교육신청 없음  ○ 주 최: 한국연구재단  ○ 문 의 처: 한국연구재단 윤리정책팀 한수연(042-869-6329)  붙임 제11회 NRF 세미나 포스터 1부. 끝
학술,[회계학 전공] 입학설명회 개최 안내,2023-11-09,ZOOM,경영대학,서울대학교 경영대학 회계학 전공에서 <2024학년도 대학원 전기 신입생 모집>을 위한 석사 및 박사과정 입학설명회를 개최합니다.    전공 교수진 주관으로 회계학 석/박사 과정의 자세한 소개와 더불어 전공 졸업생 재학생이 함께 참여하여  학업 및 진로에 대한 진솔한 경험을 공유하고 실시간 질의응답을 진행할 예정이오니 많은 참여 바랍니다.    ▶설명회 일정  - 일시: 2023년 9월 21일 목요일 저녁 8시~9시  - 장소: 온라인(Zoom) / 하단링크 참고  https://snu-ac-kr.zoom.us/j/99765330878?pwd=Q3h4dVFiSUtGdlo4WURmM0VlZVp4UT09      ▶사전 참가신청 (권장)   온라인 참가신청 - 바로가기 링크 클릭 https://naver.me/x2hnqKfD     ▶왜 서울대 회계학 석/박사 과정인가?  1. 다양한 분야에서 세계적인 연구 실적을 자랑하는 교수진  2. 국내에서 압도적인 TOP 학술지 게재 논문 수  3. 우수한 졸업생 실적  - 서울대 회계학 석사 졸업생 다수 해외 유수 대학 박사과정 입학  - 서울대 회계학 석사 & 박사 졸업생 대부분 해외 대학 또는 서울권/수도권 대학 교수 임용    ▶설명회 홍보영상 (2020년 제작-참고용)  석사과정: https://youtu.be/DWv_9om8uXw   박사과정: https://youtu.be/I_n_UMtbwLk     ▶문의사항: 회계학연구센터 / 박진선 (02-880-6839 jsp@snu.ac.kr)
학술,구글 대학 관계 프로그램 설명회 안내,2023-11-09,국제협력본부 1층 세미나실,경영대학,Google Research Solutions & University Relations East Asia 담당자를 초청해 아래 프로그램의 설명회를 주관하오니 관심있는 구성원들은 참고하시기 바랍니다.   교원 대상 프로그램: Research Scholar Program Award for inclusion research program Visiting researcher program 대학원 대상 프로그램: PhD Fellowship Program Student Travel Grants exploreCSR 설명회 일정 및 장소: 2023. 7. 14.(금) 오후 2시 국제협력본부 1층 세미나실 대상: 서울대 교원 및 대학원생 신청방법: 구글폼 작성  붙임 관련 자료 1부. 끝
학술,자유전공학부 2022학년도 후기(2023.8월) 학위수,2023-11-09,박물관(70동) 1층 강당,자유전공학부,학위복 대여 - 대여일시: 2023. 8. 22.(화)부터 상시(09:00~17:00) 가능함. 단 토ㆍ일요일ㆍ점심시간(12:00~13:00) 제외  - 반납: 상동 2023. 8. 30.(수)까지는 모두 반납해야함  - 대여장소: 220동 317호 세미나실  - 방법: 본인 신분증(S카드/주민등록증/운전면허증/여권 중 1)을 맡긴 후 학위복 대여 / 반납 확인 후 돌려드립니다. 학위수여식(자전/본부) - 자유전공학부 졸업식  일시: 2023. 8. 29.(화) 오후 12시 ※ 11시45분까지 지정좌석에 착석하여 주시기 바랍니다.  장소: 박물관(70동) 1층 강당  - 서울대학교(본부) 졸업식: 2023. 8. 29.(화) 오전 10시30분 체육관 / ※ 10:00까지 학위복 착의 후 착석  (본부 학위수여식 현장은 유투브 생중계될 예정으로 참석 시 영상에 일부 노출될 수 있습니다.)  - 220동 로비에 자유전공학부 포토월이 비치되어있습니다.  ★ 구글설문 미입력자/불참예정자: 행사 당일 참석하게 되신 경우 좌석번호가 배정되지 않았으니 당일 행사장의 행정실 직원에게 꼭 참석 사실을 알려주시기 바랍니다. (늦게 참석하는 경우도 동일함 11:45분까지 꼭 착석해주세요)  ★ 졸업증서는 재발급이 불가하며 자유전공학부 졸업식 참석이 어려운 경우 직접 교무행정실로 방문하여 본인 확인 후 배부합니다.(8/29 이후~) / 졸업증명서는 졸업식(8/29) 당일 오후 2시부터 발급이 가능합니다.
학술,[전공설계2 공개특강] 서울대 뇌인지과학과 & 자유전공,2023-11-09,220동 201호,자유전공학부,전공설계2 교과목 수업의 일환으로 여러 분야의 교수 및 전문가를 초청하는 시간을 갖고 있습니다.    이번에는 서울대 뇌인지과학과 & 자유전공학부 이상아 교수님을 초청했습니다.    공개강좌로 진행할 예정이오니 관심있는 학생들의 많은 참여 바랍니다. 자세한 사항은 아래와 같습니다.      - 일시: 2023년 5월 2일(화) 오후 5시    - 장소: 220동 201호    - 연사: 서울대 뇌인지과학과 & 자유전공학부 이상아 교수님    - 강연 제목: Studying the Human Mind Through Brain and Cognitive Sciences    - 강연 개요: In order to understand why we perceive think remember feel and behave in the way we do we must first unlock the mystery of how the brain works. In this talk I will provide an overview of how biological and computational approaches to the study of the mind has made it possible for humanity to begin to explain who we are scientifically.        - 이력/약력:    <Education>  □ B.S. California Institute of Technology Astronomy (천문학)  □ M.A./ PhD Harvard University Psychology (심리학)    <Career>  □ 2021- Associate Professor Department of Brain and Cognitive Sciences Seoul National University  □ 2020-2021 Associate Professor Department of Bio and Brain Engineering Korea Adva
학술,2023년 1학기 서울대학교 자유전공학부 <자연과학융합,2023-11-09,220동 201호,자유전공학부,(1) 패트리샤 처칠랜드의 <뇌처럼 현명하게> (Brain-Wise: Studies in Neurophilosophy)       - 주제: 처칠랜드의 신경철학과 철학적 자연주의   - 일시: 2023년 4월 26일 (수) 오후 6시~ 오후 8시30분    - 장소: 서울대학교 220동 201호      - 강연자: 박제윤 박사 (인천대학교 기초교육원 교수 역임)   - 강연자의 저서 및 번역서   - 저서: 철학하는 과학 과학하는 철학 1-4 시리즈   - 역서: 패트리샤 처칠랜드의 <뇌과학과 철학> <신경 건드려보기>   폴 처칠랜드의 <플라톤의 카메라>            (2) 레슬리 밸리언트의 <기계학습을 다시 묻다> (Probably Approximately Correct)      - 주제: 기계학습의 이해를 돕는 컴퓨터과학 이야기   - 일시: 2023년 5월 31일 (수) 오후 6시~ 오후 8시30분   - 장소: 서울대학교 220동 201호      - 강연자: 이광근 교수 (서울대학교 컴퓨터공학부)   - 강연자의 저서: 컴퓨터과학이 여는 세계: 세상을 바꾼 컴퓨터 소프트웨어의 원천 아이디어 그리고 미래
학술,캠퍼스아시아 겨울 단기프로그램 아시아에서의 평화 구축 ,2023-11-09,220동 201호,자유전공학부,자유전공학부 캠퍼스아시아 겨울 단기프로그램의 일환으로 “Peace-Building in Asia”와 한국문화와 관련된 특강이 예정되어 있습니다. 자유전공학부 학생 중 겨울 단기프로그램 참가학생이 아니더라도 특강에 참석하실 수 있으니 관심있는 학생들의 많은 참여바랍니다.    특강 1  제목: The Dilemma of Pacifism  강사: 박성우 교수(정치외교학부)  일시: 2023년 2월 7일(화) 오전 10시~12시  장소: 220동 201호    특강 2  제목: DMZ and Peace Tourism  강사: 김지나 전문위원(자유전공학부)  일시: 2023년 2월 8일(수) 오전 10시~12시  장소: 220동 201호    특강 3  제목: The U.S.-China Competition and the Korean Peninsula  강사: 신성호 교수(국제대학원)  일시: 2023년 2월 14일(화) 오전 10시~12시  장소: 220동 201호    특강 4  제목: Introduction to Korean Traditional Music  강사: 김승근 교수(국악과)  일시: 2023년 2월 16일(목) 오전 10시~12시  장소: 220동 201호    *모든 특강은 영어로 진행됩니다.    - 신청방법: smkwriter@snu.ac.kr로 성명 / 학번 / 소속 / 오프라인 또는 온라인 참석 작성하여 메일 발송    - 관련 문의: 김수민 전문위원(02-880-9547 smkwriter@snu.ac.kr)
학술,제13회 벼리모임 신청 공지,2023-11-09,강원도 속초 일대,자유전공학부,우리 자유전공학부의 전체 모임인 제13회 벼리모임이 2023년 8월 30일(수)부터 8월 31일(목)까지 1박 2일 일정으로 열립니다.     ‘벼리(綱)’라는 명칭은 ‘고기 잡는 그물의 코를 꿰어 그물을 잡아당길 수 있게 한 동아줄’을 의미합니다. 벼리모임은 자유전공학부의 가장 크고 중요한 행사의 하나이며 자유전공학부 구성원 네트워크의 근간이 될 긴밀한 유대의 형성과 새로운 문화 체험의 장을 마련하는 것을 목적으로 합니다.      이 모임에는 원칙적으로 모든 자유전공학부 구성원이 적극적으로 참가할 것을 기대하고 또 권유하고 있습니다. 다만 참가 가능 인원이 한정되어 있고 원활한 프로그램 기획을 위해서 미리 참가 신청을 받기로 했습니다. 참가를 희망하는 학생은 참가 신청 마감일까지 반드시 신청을 해주기 바랍니다. 사전 신청을 하지 않고 당일에 불쑥 나타나는 것은 허용되지 않습니다.      학부에서는 벼리모임을 비롯한 다양한 교과ㆍ비교과 프로그램 및 행사를 운영하고 있으며 이러한 프로그램과 행사에 대한 학생의 참여도를 지속적으로 확인하고 있습니다. 또한 프로그램이나 행사를 운영하는 가운데 신청자 수가 참여 가능 인원보다 많을 경우 당연히 적극적으로 성실하게 참여해온 학생을 우선적으로 선발하게 됩니다. 이때 참가 신청을 하고 아무 연락 없이 나타나지 않는 학생은 부정적 평가를 받게 되니 유념하기 바랍니다.      이번 벼리모임은 자유전공학부의 전 학생이 모처럼 모여서 우리 학부의 현황을 이해하는 동시에 선후배 동기들과 1박2일 간 함께 생활하며 서로의 경험을 공유하는 자리입니다. 그러므로 학부의 교직원은 가급적 많은 학생이 참여하여 유익한 시간이 되기를 간절히 희망하고 있습니다.      자유전공학부장         - 기 간 : 2023년 8월 30일(수) ~ 31일(목)   - 장 소 : 강원도 속초 일대   - 신청방법: 우측 구글 설문지 작성 >> https://forms.gle/pkPp19MNSbsL5JAt6   - 신청기한 : 6월 22일(목) 오
학술,인종 차별과 건강할 권리,2023-11-09,서울대학교 보건대학원 221동 113호,서울대학교 보건대학,유엔 인종차별철폐위원회 부의장을 맡고 계시는 Tina Stavrinaki 교수님을 연자로 모시고 건강재난 통합대응을 위한 교육연구단과 서울대학교 보건대학원 보건학과 보건정책관리학전공의 연계 세미나를 진행합니다.
학술,조정은 간단한 개념을 만든다,2023-11-09,서울대학교 사회과학대학 대회의실(16동 312호),서울대학교 정치외교,안녕하십니까.   서울대학교 정치외교학부 10-10 사업단에서 2023년 10월 12일 목일에 UCLA의 Michael Chwe 교수님을 모셔 ”Coordination Causes Coarse Concepts을 주제로 강연을 개최합니다.   * 제목: Coordination Causes Coarse Concepts  * 일시: 2023년 10월 12일 목요일 15:00~17:00  * 장소: 서울대학교 사회과학대학 대회의실(16동 312호)   자세한 내용은 아래 포스터를 참고해 주시기를 바랍니다.   학내 구성원 여러분의 많은 관심과 참여 부탁드립니다.   감사합니다.   정치외교학부 10-10 사업단
학술,제 7회 GDI 오픈 하우스 “국제개발협력 길라잡이”,2023-11-09,서울대학교 행정대학원 57동 204호,글로벌행정발전연구소,안녕하세요 서울대학교 글로벌행정발전연구소 입니다.   글로벌행정발전연구소(GDI)에서는 국제개발협력에 대한 관심과 이해를 높이고 동 분야의 인재양성에 기여하고자 매년 Open House를 진행하고 있습니다. 제 7회 Open House에서는 국제개발협력의 연구동향과 사례소개 및 국제기구 진출 전략에 관한 발표가 진행될 예정입니다.   주제: 제 7회 GDI Open House “국제개발협력 길라잡이”  일시: 2023년 10월 12일(목) 15시  장소: 서울대학교 행정대학원 57동 204호 (온라인/오프라인 동시 진행)  주최: 글로벌행정발전연구소(GDI)   - GDI의 연구와 교육 프로그램 (서울대학교 권혁주 교수)  - A Comparative Analysis of Koreas and Chinas Relations with Sub-Saharan Africa through Foreign Aid and Trade (한국외국어대학교 Ben Katoka 교수)  - 국제개발협력 최근 연구동향 (서울대학교 최창용 교수)  - 국제개발협력분야 요구 역량 (KOICA 평가실 최여정 과장)   참가신청안내:  참가신청은 사전참가신청링크(https://forms.gle/nQaQ29sNRxdR87JY7)를 통해 양식작성 부탁드리며 사전등록자에 한해 이메일로 Webex 접속링크를 보내드릴 예정입니다. 포스터의 QR코드를 통한 참가신청도 가능합니다.   식사는 현장 참석자에 한하여 선착순으로 제공될 예정입니다.   문의:snugdi@gmail.com/ 02-880-4142  많은 관심 부탁드립니다.
학술,뉴노멀 시대의 재난관리,2023-11-09,서울대학교 행정대학원 57동 203호,서울대학교 행정대학,서울대학교 행정대학원 한국정책지식센터에서는 2023년 10월 4일(수)에 New Normal 시대의 재난관리라는 주제로 전문가를 모셔 의견을 듣고 토론함으로써 정책 및 지식의 확산에 기여하고자 1076회 「정책&지식 포럼」을 준비하였습니다.   관심 있는 분들의 많은 참여를 바랍니다.   본 포럼의 발제는 11시 50분 시작되며 토론을 포함한 모든 과정은 오후 1시경에 종료될 예정입니다.  서울대학교 행정대학원 57동 203호에서 진행 예정입니다.    정책&지식포럼 자료집은 정책지식센터 홈페이지(https://www.know.or.kr)에서 확인하실 수 있습니다.   (당일 오전 11시경 업로드 될 예정입니다.)   ※ 포럼 참여 방법 안내  - URL (https://snu.webex.com/meet/gspaknow) 또는 포스터의 QR코드를 통해 접속
학술,인공지능의 투명성: 소셜 봇 대응의 최선의 방법,2023-11-09,행정대학교 57-1동(신관) 405호,서울대학교 행정대학,ㅇ 주제/Theme : Transparency of AI: The Best Practices of Dealing with Social Bots   ㅇ 일시/Date : 2023년 10월 6일(r금) 오후 4시 / October 6th (Fri) 4 p.m.   ㅇ 연사/Presenter : Loni Hagen (Assistant Professor at School of Information at University of South Florida)   ㅇ 장소/Place :  - (오프라인) 행정대학교 57-1동(신관) 405호 / Room 405 GSPA Building #57-1  - (온라인/Online) https://snu.webex.com/meet/snugdi   ㅇ 문의/Inquiries : hk.cho@snu.ac.kr  greenjuly@snu.ac.kr
학술,학술활동 건전성 강화,2023-11-09,한국과학기술회관(B1) 방송실1,한국과학기술단체총연,2023년 10월 11일(수) 오후 4시 건전한 학술활동 생태계 조성을 위하여 연구자·학술단체·대학의 조화로운 역할 정립 및 바람직한 방향을 모색하고자 < 학술활동 건전성 강화 >를 주제로 포럼을 개최합니다.   이번 포럼이 부실의심 학술지 대응 관련 연구자의 인식 제고 및 대학의 제도 개선 방안 등에 대한  다양한 의견 청취 및 숙의의 장이 될 수 있도록 학내 구성원들의 많은 참여 부탁드립니다.   ○ 일시: 2023년 10월 11일(수) 오후 4시   ○ 장소: 한국과학기술회관(B1) 방송실1 (유튜브 실시간 중계)  ※ 온라인 상(YouTube 한국과총 검색)으로 당일 접속 (별도 사전신청 없음)   ○ 주제: 학술활동 건전성 강화   ○ 문의: 02-880-2074
학술,2023 진로특강 시리즈_졸업하면 뭐할래? (9월 특강,2023-11-09,ZOOM을 통한 비대면 강의 및 질의응답,서울대학교 미술대학,서울대학교 미술대학에서는 2022년 2학기부터 미술 전공 학생들을 위한 진로특강 시리즈를 진행해왔습니다.  2023년에도 창작활동과 더불어 미술계 안팎에서 활약하는 16분의 전문가를 모시고 예술과 삶에 대한 다양한 태도와 생각들을 공유하고 있으니  스스로의 미래를 가늠하는 데 도움이 되도록 많은 관심과 참여 바랍니다.   2023 진로특강 시리즈_졸업하면 뭐할래? (9월 특강)  - 일시: 9. 27. (수) 7:00-10:00 pm  - 대상: 서울대학교 구성원 누구나  - 방법: ZOOM을 통한 비대면 강의 및 질의응답  - 줌 링크: https://snu-ac-kr.zoom.us/j/2983765047 (회의 아이디: 298 376 5047 비밀번호 없음)  - 주최 및 주관: 서울대학교 미술대학 조형연구소  * 진로특강 프로그램은 진실로윤 기금으로 운영되고 있습니다.   1. 이은실 작가(동양화) < 전업 작가로 살아가기 >  7:00~8:30pm 강의와 질의응답  전업 작가가 된 계기와 작가로서 살아남기 위해 했던 노력 일련의 과정들을 나누고자 합니다. 작품 활동을 하면서 일상과의 균형을 유지하고 끊임없이 연구하는 등 작가 커리어를 위한 여러 가지 이야기를 하고자 합니다.   2. 업체eobchae 시각예술 콜렉티브  8:30~10:00pm 강의와 질의응답  우린 무얼 하고 살고 있을까? 과거의 우리가 현재의 우리에게 궁금했을 법한 질문을 스스로 던진다.
학술,기계로 그림 그리기,2023-11-09,줌 (ID: 961 4833 9457/ Passcode,미술대학,안녕하세요.   미술대학이 주관하는 SNU 10-10 Project 일환으로 Jessica In을 모시고 “Drawing with machines”라는 주제로 강연을 개최합니다. 많은 관심과 참여 부탁드립니다.   주제: Drawing with Machines  강연자: Jessica In  일시: 2023.09.26.(화) 오후 2시-3시  장소: 줌 (ID: 961 4833 9457/ Passcode: 369550)   Website: https://www.jessicain.net/  instagram: @shedrawswithcode
학술,알토 대학의 혁신적 창조력,2023-11-09,서울대학교 미술대학 49동 디자인연구동 322호,미술대학 문화예술원,안녕하세요   미술대학과 문화예술원이 공동으로 주관하는 SNU 10-10 Project for Global art & Design에서 Aalto University의 Tuomas Auvinen 학장님을 모시고 Radical Creativity at Aalto University라는 주제로 강연을 개최합니다. 많은 관심과 참여 부탁드립니다.   · 주제: Radical Creativity at Aalto University  · 강연자: Tuomas Auvinen (Dean School of Arts Design and Architecture Aalto University)  · 일시: 2023. 06. 08. (목) 오전 10시-12시  · 장소: 서울대학교 미술대학 49동 디자인연구동 322호   *별도의 예약은 필요 없습니다.  *강연은 영어로 진행되며 별도의 통역은 제공되지 않습니다.  *문의: 문화예술원 박지윤 (culture.snu@snu.ac.kr 02-880-5891)
공연,과학 생명 예술’ 준비 포럼,2023-11-09,서울대학교 파워플랜트 68동 및 온라인,서울대학교 문화예술,. 주제 : ‘과학 생명 예술(Science Life Art)’ 예비 포럼 . 일시 : 2022년 11월 29일(화) 16:00~18:00 . 대상 : Science & Bio Art에 관심 있는 교내외 구성원 누구나 . 장소 : 서울대학교 파워플랜트 68동 및 온라인(@powerplant.seoul 인스타그램 계정을 통해 링크 추후 공개) . 주최 : 서울대학교 문화예술원   “과학이 예술이 되고 예술이 과학이 되는 접점을 탐구합니다”  ‘예술적 과학 vs 과학적 예술’ 혹은 ‘예술인의 과학 vs 과학인의 예술’이라는 구도는 상대를 이해하기 위해 끊임 없이 스스로에게 반문하고 고민할 때에 비로소 성립합니다. 해서 결국 자신의 영역에 대한 깊이 있는 이해를 가능케 하고 더 나아가 예술과 과학이라는 서로 다른 영역 간의 융합을 이끌어냅니다.  < 서울대 문화예술원 ‘과학 생명 예술(Science Life Art: 이하 SLA)’ 예비 포럼 >은 생명이라는 주제를 중심으로 과학-예술 융합 연구 및 창작의 사례와 미래 가능성을 논의하고 서울대학교 내 관련 인프라와 교내 외 연계 네트워크를 탐색하기 위해 마련되었습니다. 이번 예비 포럼을 통해 오늘날 팬데믹과 기후환경위기와 같은 인류세의 문제들에 대해 생명이라는 근원적 차원에서 문제를 재설정하고 새로운 융합적 관점을 제시하는 예술가 과학자 철학자 등 다양한 분야 간 자유로운 대화와 창작의 생태계를 꿈꾸고 있습니다.  따라서 <서울대학교 문화예술원 SLA 예비포럼>은 과학과 예술의 경계를 오가며 연구실적을 축적하는 주요 학자들의 인적 지형도를 그려 보기 위한 자리입니다. 2022년 11월 29일 포럼은 그 여정의 첫 단추로 해외 융합 연구 및 전시 프로그램 기반의 과학예술 생태계 조성 사례 등을 공유하고 향후 발전 방향에 대해 토론하는 자리가 될 것입니다.   [축사] . 최해천 연구부총장(서울대)  [발제 내용] . 김성훈 교수(연세대 약학대학) “BioArt: Past Present Future”  . 전주홍 교수(
공연,2023 공과대학 가을축제: Fall in 공 안내,2023-11-09,11:00-17:00 | 붉은광장. 18:00-23:0,공대학생회,공과대학의 가을을 컨셉으로 기획된 2023 공과대학 가을 축제 <Fall in 공: 가을 나들이>가 9/20(수)에 진행됩니다!  ? 11:00-17:00 | 붉은광장 | 컨텐츠 및 미니게임 포토부스 ? 18:00-23:00 | 풍산마당 | 동아리 및 초청 게스트 공연  세부 내용은 추후 공개될 예정이니 많은 관심 부탁드립니다.
공연,응생화 X 생과부 일일호프,2023-11-09,신촌 바플라이 3호점 단밤.,서울대 응용생물화학,타 대학 타 학과도 참여 가능합니다  “개강도 했는데 … 이제 뭐하지?“ 고민중인 분  남은 2학기를! 더 제대로! 즐기고 싶은 분  올 가을… 롯데월드 함께 갈 인연을 찾는 분  [ 예매 가격 및 사전 예매 링크] 미팅테이블 : 사전예매 : 6000원  일반테이블 : 사전예매 : 5000원 일반테이블 : 현장예매 : 6000원 (* 현장예매보다 사전예매가 1000원 저렴하며 웨이팅이 있을 수 있으니 사전 예약을 추천드립니다.)  합석매니저가 상주할 예정이므로 당일에 합석이 가능합니다 ?새싹 머리띠?를 하고 있는 합석 매니저를 찾아주세요!  사전예약 구글폼 : https://linktr.ee/snu_abcxbiosci 입금계좌 : 카카오뱅크 3333270443661 ㄱㄷㅇ  입금자명은 ‘이름 + 전화번호 끝자리 4자리’ 로 입력해주세요. Ex) 김생생 1234 (동명이인 방지를 위함입니다.) 대표자가 인원수에 맞는 금액을 일괄적으로 입금해야 합니다. 입금자명과 예약자명이 동일해야 합니다.  주의사항 당일 실물 신분증 지참 필수  사진 신분증 학생증 불가  반드시 신분증 (주민등록증 여권 운전면허증)을 지참해주세요! 실물 신분증이 없이 학생증 신분증 사진으로는 입장이 불가능합니다. 바플라이 규정상 99-04년생만 입장가능합니다. 변심으로 인한 당일 환불은 불가능합니다. 웨이팅이 있을 경우 이용 시간은 2시간으로 제한됩니다. 기타 문의 사항은 아래의 인스타 아이디로 DM 부탁드립니다!
공연,2023 서울대학교 예술주간 거리공연,2023-11-09,멀티캠퍼스(관악 연건 평창 시흥) 지역사회(서울대입구역,서울대 예술주간,텍스트 영상 음악(국악) 복합 개막공연 시낭송음악회 음악공연 Music Performance Cine Music Festival 하프와 함께 하는 실내악 창작음악 연주회 아시안 뮤직 콘서트 관악학생생활관 작은 음악회 Borderless Concert 미술전시 Art Exhibition 미술대학 여성동문회(한울회) 세미나 우석갤러리 기획전 회화 설치 등 학생 전시 다원공연 Interdisciplinary Arts 아니말전 trio 게릴라 콘서트 09.22. Fri. ‹시선› ‹Several Me› @치의학대학원 본관 1층 ‹만남› @의과대학 융합관 1층 GDR 앞 복도 음악공연 Music Performance 연건캠퍼스 국악연주회 시낭송회 09.21. Thu. 19:00 @카페 두채 미술전시 Art Exhibition 09.18. Mon. 09.20. Wed. 17:00 @의과대학 융합관 1층 앞마당 미술전시 Art Exhibition 09.18. Mon.— 09.22. Fri. ‹Flows› ‹환희› ‹남녘에서 온 편지› @교육협력동 1층 배곧 아트큐브 음악공연 Music Performance 시흥캠퍼스 런치콘서트 09.19. Tue. 11:30 @교육협력동 1층 로비 음악공연 Music Performance 평창캠퍼스 사운드 오브 윈즈 공연 09.18. Mon. 16:00 @평창캠퍼스 세움광장 *우천 시 본관 1층 로비에서 진행 예정
공연,히스×고어헤드×바운스팩토리 연합공연 36.5,2023-11-09,서울대학교 68동 파워플랜트,서울대 히스 고어헤,재학생 새내기 타대생 모두에게 열려있는 이번 행사는 서울대 파워플랜트 공간에서 열리는 파티 겸 공연입니다! 교내 동아리인 고어헤드 바운스팩토리 히스가 함께하는 공연은 물론이고 파티하면 빠질 수 없는 디제이와 함께하는 음악 케이터링 및 주류(신분증 확인합니다)?도 준비되어있답니다! 멋진 공연을 생동감 넘치게 가까이서 보고 새내기 분들은 미리 다양한 사람들을 만날 수 있는 기회 놓치지 마세요?  대부분 사전 예약으로 진행되며 미리 예약해주신 분들은 무료음료 1잔이 제공되니 링크를 참고해주세요!! 문의사항은 이준서 010-9187-4783으로 부탁드립니다
공연,중앙기독교동아리 CCC 신입부원 모집,2023-11-09,정기 채플: 26동 B101호 목요기도회: 흑석동 명수,중앙기독교동아리 C,CCC(Campus Crusade for Christ)로 여러분을 초대합니다-!  CCC는 캠퍼스복음화를 통해 민족과 세계복음화를 꿈꾸는 선교단체입니다. 서울대학교 CCC는 민족복음화의 최전방이라는 사명을 가지고 다양한 사역들을 펼치고 있습니다.  1. 검증된 중앙 기독교 동아리 서울대 CCC는 서울대기독인연합에 소속되어 있는 건강하고 검증된 선교단체로 학생회관 420호에 동아리방을 두고 있습니다.  2. 전국연합동아리 한국CCC는 서울시 종로구 부암동에 본부를 두고 있으며 국내의 거의 모든 캠퍼스가 함께하고 있습니다. 서울대학교는 중앙대 백석예대 서울교대 숭실대 동양미래대 강서대 총신대와 함께 서울 남팀에 소속되어 있습니다. 매주 목요일에 있는 남팀 기도회를 통해 함께 예배드리고 교제합니다. 여름방학에는 전국의 CCC가 모여 1만명이 넘는 학생들과 함께 여름수련회를 누리고 겨울방학에는 지역별로 금식수련회의 시간도 갖습니다  4. CCC만의 특별한 활동 CCC의 특별한 활동으로는 순모임이 있습니다. 순장(멘토)과 순원(멘티)이 1:1로 만나 신앙적인 교제를 나누고 CCC출판 교재로 지식을 더해가는 시간입니다. 주1회 서로가 맞는 시간에 동아리방이나 카페에서 진행합니다. 가족과 같이 한 명 한 명을 돌보는 사랑을 함께 누리고 싶다면 CCC로 오세요=)  5. 가입방법 -365일 24시간 상시모집! -신입생 재학생 휴학생 교환학생 모두 환영합니당
공연,스누풀 SNUPOOL에서 2023-2 신입부원을 모집합,2023-11-09,서울대학교 포스코 스포츠센터 71-2동 3층 수영장,서울대 스누풀 수영,안녕하세요. 서울대학교의 수영동아리 스누풀 입니다! 수영을 좋아하시는 분 수영 실력을 재미있게 늘리고 싶으신 분 또는 여러 사람들과 건강한 라이프 스타일 함께 만들어 보고 싶은 분들은 누구든 스누풀러가 되실 수 있습니다! 저희 스누풀에 대해서 알아볼까요?    토요일 정기 수영모임 및 타 대학 교류전  매주 토요일 오후 2시 서울대 포스코 수영장에서 함께 수영하는 정기모임을 갖습니다. 실력에 따라 초급 중급 상급 레인에서 훈련합니다. 2시간의 훈련이 끝난 후에는 즐거운 뒤풀이를 갖습니다.  - 활동 위치: 서울대학교 포스코 스포츠센터 71-2동 3층 수영장   멘토-멘티 프로그램 (월~금 오전/오후)  수준에 맞춰 멘토에게 배울 수 있는 기회! 뛰어난 수영 실력을 갖추고 있는 기존 회원들을 멘토로 선발합니다. 신입회원들은 멘티로서 자유롭게 프로그램에 참여할 수 있습니다. 꾸준히 프로그램에 참여하다 보면 어느새 수영이 쉬워진답니다.   각종 수영 대회 타 대학 교류전 참가 및 개최  운동 동아리라면 대회를 빼놓을 수 없습니다. 대회에 나가 함께 응원하며 즐기다 보면 스누풀과 끈끈한 가족이 되어 있답니다. 대회를 준비를 위해 함께 훈련하고 향상된 본인의 모습을 보는 멋진 경험을 할 수 있습니다. 정기모임과 대회 외에도 매년 한양대 홍대 서강대 등의 수영동아리와 교류하고 있으며 함께 정모를 진행합니다.   즐거운 계절 MT 및 소모임  수영 외에도 다양한 활동들을 함께합니다. 신입회원들은 각 분기별 신나는 MT를 통해 스누풀러들과 좋은 친구가 되어 유대감을 쌓을 수 있습니다. 이 외에도 간단한 소풍 버들골 모임 홈커밍데이 등의 여러 소모임과 행사들이 준비되어 있습니다. 물론 참가는 자유입니다!    ?가입 조건  - 서울대학교 재학생 (학부대학원박사)  - 50m 완영 가능자 (속도 영법 무관)   ? 지원방법  @snupool 인스타 DM으로 신입 톡방 비밀번호 문의 후 첨부된 링크로 신입 톡방 입장!  신입 톡방: https://open.kakao.com/o/g
공연,SNUPO & SNUpia 하계 앙상블,2023-11-09,서울대학교 문화관 중강당,SNUPO SNUp,서울대학교 아마추어 오케스트라 동아리 SNUPO와 피아노 동아리 SNUpia가 함께하는 앙상블 공연으로 소규모 다양한 곡을 선보이는 행사입니다 :)
공연,SNU_CAA 제1회 정기연합행사 : 연박싱,2023-11-09,학생회관 63동 라운지,서울대학교 문화예술,서울대학교 문화예술연합회 SNU_CAA 출범을 알리는 ‘제1회 정기연합행사 : 연박싱’으로 여러분을 초대합니다! 참여 방법 선착순 80명 선발 신청기한 : 9/6(수) ~ 9/21(금) 아래 구글폼 작성 및 제출 https://forms.gle/pWzaQscbE1oydtaz9  상품도 있다?! 행사 당일에는 팀전으로 여러 미니게임이 진행되며 우승한 팀에게는 메가커피 기프티콘이 제공됩니다! 타 문화예술 동아리 친구도 사귀고 상품도 얻을 수 있는 기회 놓치지 마세요!  [SNU_CAA란?] 총 9개의 교내 동아리 및 자치단체 간의 연합을 중심으로 설립된 SNU_CAA는 음악 미술 극 문학 등의 다양한 활동을 진행하는 예술 동아리 간의 네트워크를 형성해 정기 세션 전시 및 공연을 개최하고 활발한 친목 활동을 진행하는 데 그 목적을 두고 있습니다.  현재 SNU_CAA에는 이미지밴드 미동 창문 알라셩 여민락 소리지기 프레이즈 바운스팩토리 스누엔터라는 총 9개의 동아리가 소속되어 있습니다. 연합회에 대해 더 궁금하신 점이 있다면 아래 노션 링크를 참고해주세요!?https://dldnwn.notion.site/SNU_CAA-a46b56f7d8ad49bc971167430d7cdda7?pvs=4  이번 정기연합행사 ‘연박싱’에서는 연합회 내 소속 동아리들을 소개하는 시간을 가짐과 동시에 바운스팩토리와 스누엔터의 특별공연을 선보일 예정입니다. 문화예술 동아리 부원들과 함께 즐길 수 있는 게임과 행사 후 회식까지 준비되어 있으니 많은 참여 부탁드립니다.  문의 : SNU_CAA 기획협력팀장 이규흔 010-8959-9872
공연,2023 단풍연 가을 판굿,2023-11-09,서울대학교 버들골,서울대 단대풍물패연,서울대학교 단대풍물패연합 단풍연의 2023년 정기 가을 판굿 공연입니다!  다양한 국악기로 임실필봉농악 가락을 연주하며 버들골 전체를 우리 소리로 가득채울 예정입니다!  많은 관심 부탁드려요!! 문의: @snu_danpungyeon (대표: 이동준 010-9877-4733)
공연,2023 미대극회 114회 정기공연 (루나자에서 춤을),2023-11-09,서울대학교 14동 인문소극장,서울대학교 미대극회,1936년 8월 초 루나자 축제 기간 동안에는 먼디 일가의 다섯 자매들을 웃고 울게 할 여러 사건들이 일어나게 됩니다. 그 몽롱하고 생생한 기억속으로 함께 빠져볼까요?
공연,물결의 일일호프,2023-11-09,신촌 바플라이 3호점,물결,시험기간 전 마지막으로 신나게 놀고싶은 분들 !! 새로운 사람 좋은 인연을 만들고 싶으신 분들 !! 바플라이 3호점으로 놀러오세요  입장료  일반 테이블  현장구매: 6000원  사전예매(일반석) : 5000원 입금계좌 : 3333196310036 카카오뱅크 (물결) 링크 : https://forms.gle/BjcTaqk6vDwvUATn6  미팅 테이블 사전예매(미팅석) : 6000원 입금계좌 : 3333196310036 카카오뱅크 (물결) 링크 : https://forms.gle/orW5Hm8SHxHEHKJp8  다양한 이벤트  블라인드 미팅이벤트 1. 입장하시는 남성분들이 자신의 취미 mbti 인스타 아이디를 포스티잇에 적는다. 2. 포스티잇을 게시판에 붙인다. 3. 퇴장하시는 여성분들이 마음에 드는 포스티잇을 가져간다.  베스트 드레서 ‼️ 동아리 물결에 어울리는 파란색 코디를 가장 멋지게 한 분들께 서비스 증정 ‼️  예약안내 예약금 X 인원수를 대표자 1인이 입금 후 구글폼을 작성해주시면 됩니다. 입금자명과 구글폼 작성명을 동일하게 기재해주세요. 미팅 테이블인 2인만 예약가능합니다. 98~04년생까지만 입장가능합니다. 입금 후 환불 불가힙니다.  ----------------------------------  ‼️모든 문의는 인스타그램 디엠과 오픈채팅으로만 받습니다‼️ 인스타그램 : @waves__rise 오픈채팅 : https://open.kakao.com/o/s7G3SUIf
공연,중앙 몸짓패동아리 골패 정기공연,2023-11-09,학생회관,골패,주제: 우리의 모두의 여름
공연,인문대 불문극회 떼아트르 빵타스티끄 원어연극제,2023-11-09,인문관7(14동),떼아트르 빵타스티끄,제목: 아내들의 학교
공연,국악과 축제,2023-11-10,자하연,국악과,제목: 제3회 국악과 여름축제 S-Festival
공연,인문대 원어연극제 일문극회 관악로켓단,2023-11-10,인문관,관악로켓단,제목: 비와 고양이와 몇 가지의 거짓말
공연,음대 관현악과 정기연주회,2023-11-10,문화관,음대,제목: SNU 윈드앙상블 정기연주회
공연,중앙도서관 별빛 영화제,2023-11-10,중앙도서관,중앙도서관,제목: Enjoy Like SNU - 제 4회 도서관 별빛 영화제
공연,혼성 댄스 동아리 혼또니 정기공연,2023-11-10,NH농협두레문예관,혼또니,제목:HONDERLAND
공연,중앙도서관 북 콘서트,2023-11-10,중앙도서관,중앙도서관,주제: 한국 발전주의와 자본주의 다양성 논쟁
공연,2023 인문X사회X자전 연합축제: You in 샤,2023-11-10,자하연,인문대학,우ㄹㅣ도… 이번ㅇㅔ 축제 한ㄷr…관악의 가을을 화려하게 장식할 2023 인문X사회X자전 연합축제 <You in 샤: Back to Y2K>가 10/10(화)~11(수)에 진행됩니다. 여러분들의 많은 관심 부탁드립니다
공연,서울대학교 바시소X새날반 일일호프 새시봉,2023-11-10,신촌 바플라이 2호점,서울대 바시소 새날,서울대학교 바시소X새날반 일일호프 새시봉   7080쎄시봉? 우리만의 레트로 2010 새시봉!  어린 시절의 추억을 되살리고 싶은 분들! 개강 이후에 새로운 친구를 만나고 싶은 분들! 새로운 인연을 만나며 설렘을 즐기고 싶은 분들!  이벤트 안내  학창시절을 떠오르게 하는 2010년대 명곡 들으며 이 노래로 자신있다 하면 스테이지까지?? 이름 좀 날렸던 추억의 예능 게임으로 상품 이벤트! 그 시절 그 아이.. 를 떠올리게 하는 베스트 드레서도 노려보자!  날짜 : 9월 16일 (토)  장소 : 신촌 바플라이 2호점  시간 : 오후 6시 ~ 오전 4시  일반테이블: 1인 5000원  미팅테이블: 1인 6000원 (현장 예매보다 사전 예매가 1000원 더 저렴합니다. 토요일 현장예매 특성상 웨이팅이 있을 수 있으니 사전 예약을 추천드립니다!)  입금계좌: 카카오뱅크 333-327-4229739 강혜윤  #일일호프 #합석보장 #바시소 #새날 #바플라이 #서울대 #신분증지참  미팅테이블(합석보장) 운영: 18:00~20:00 20:00~22:00 22:00~24:00   2:2 / 3:3 / 4:4 모두 가능   미팅테이블 (18:00-20:00 20:00-22:00 22:00~24:00  미팅테이블은 오직 사전예매로만 진행합니다! 선착 마감 전 서둘러 신청해주세요  https://docs.google.com/forms/d/e/1FAIpQLScLMUFf5pQpAk7F1aEx1UnyOPI_gfWmsC91e5PmqadLNjhHmg/viewform?usp=sf_link  일반테이블 (18:00-04:00)  사전예매는 현장예매보다 1000원 할인된 가격으로 진행합니다! 사전예매로 즐겨보세요  ▶ https://docs.google.com/forms/d/e/1FAIpQLSdf42FeK24HYnf_KK0nk6y3FyxWcaRcP-Ha4eWXEdjeOWqQdw/viewform?usp=sf_link  조기마감될 수 있습니다. 서둘러서 예약하세요!   ? 사전예매 링크는 인스타그램
공연,?서울대 ?디자인X기계?️ 일일호프?,2023-11-10,신촌 바플라이 1호점 별밤,서울대 디자인 기계,서울대 디자인X기계?️ 일일호프 “DM to yoU” 사전예약  “야 나 소개팅 좀” “엥? 갑자기 뭔 소개팅이야.. 일일호프나 가;;” “일홉? 이벤트 있겠네???” “DM으로 문의 ㄱㄱ” (문의하실 때는 예쁜 인사말도 함께 부탁드려요!! 저는 답만 하는 로봇이 아니에요 최소한의 예의를 지켜주세요)  본격적으로 2학기를 즐겨보고 싶은 당신!! 서울대 디자인X기계?️ 일일호프가 여러분을 초대합니다  일시 : 9월 20일 (수) 18시 ~ 익일 오전 4시 장소 : 신촌 바플라이 1호점 별밤 (서대문구 연세로9길 10-1 지하)  타 대학 타 학과도 참여 가능합니다!  입장료 : 사전예약 시 일반석 1인 5000원 미팅석 6000원 / 현장입장 6000원 입금계좌 : 우리은행 1002-762-027100 민윤정 (입금자명은 구글폼 작성자명과 동일하게 해주세요!)  예약링크 https://docs.google.com/forms/d/e/1FAIpQLSf3LvwQJM8pKtQ_2vBmII6zLbk2szxe-zPYApbxpJXP9aySTw/viewform?usp=sf_link  사전예약은 9월 20일 오후 3시까지 가능합니다  입장방법  미팅석 (선착순 6000원/1인) 100% 사전예약제로 100% 합석보장 원활한 진행을 위해 2:2로만 진행합니다! 18시 20시에만 한정 운영 합니다!!  일반석 (선착순 5000원/1인) 일반석 사전 예매 시 저렴한 가격에 우선입장까지 가능해 대기시간이 현저히 줄어듭니다! 사전티켓은 한정 수량으로 조기 마감될 수 있습니다! 일반석도 합석보장 (당일 현장 상황에 따라 대기 시간이 발생할 수 있습니다.)  현장 입장 (6000원/1인) 사전예약자 우선 입장 후 입장 가능합니다! 당일 현장 상황에 따라 입장시 대기 시간이 발생할 수 있습니다.  주의사항  입장 시 본인 확인을 위한 신분증을 보여주세요. 바플라이 규정상 99~04년생만 입장 가능합니다. 이용시간은 2시간으로 제한됩니다. 결제는 계좌이체만 가능하며 결제 후 환불은 불가합니다.
공연,사회대연극당 연극,2023-11-10,뜻밖의 극장 (성신여대입구역 도보 3분 / 서울 성북구,서울대학교 사회대연,안녕하세요 관객 여러분! 서울대학교 사회대연극당입니다.  저희 사연당의 제 52회 정기공연 코미디 연극 <모지란 집구석>으로 여러분을 초대합니다!  <모지란 집구석>은 서울대학교 학부생들의 창작극으로 무더운 여름 동안 열심히 준비하여 9월 13-14일 성공적으로 무대를 마쳤고 내일인 9/15 마지막 무대에 올라갑니다.  --------  대가족이 살고 있는 봉천동의 한 부잣집. 웃음도 울음도 소음도 끊이지 않는다. 조금 이상하고 귀여운 이들이 왁자지껄 살아가는 이야기.  --------  공연 장소 : 뜻밖의 극장 (성신여대입구역 도보 3분 / 서울 성북구 동소문로20나길 27 지하 1층)  공연 시간 : 2023.9.13 (수) 오후 8시(마감) 2023.9.14 (목) 오후 8시(마감) 2023.9.15 (금) 오후 4시 오후 7시  러닝타임 : 약 90분 (인터미션 10분 포함)  티켓 가격 : 장당 5000원  전좌석 비지정석으로 공연 시작 15분 전부터 입장 가능합니다. (인터미션 시간을 제외한 중도 입장은 어렵습니다.)  예매 링크 : https://forms.gle/dt5TN5FwUxmEowf3A  문의 : 연출 박유안 010-4121-0867
공연,향록 연극회 신입 공연,2023-11-10,서울대학교 67동 두레문예관 공연장,향록연극회,안녕하세요! 서울대학교 농업생명과학대학 연극 동아리 향록연극회입니다. 즐거운 새 학기 보내고 계신가요? 이번 가을에도 여러분께 재미있는 공연 소식을 전할 수 있게 되었습니다!  # 2023년 신입생 공연 다시 연극‘  장소: 서울대학교 67동 두레문예관 공연장일시: 9월 21-22일(목-금) 매일 16/19시  감독 김승태 각본 조윤상 김승태 배우진: 조윤서 김온 정재은 장하준 김경민 민성욱 최인규 정윤하  러닝 타임: 90분 공연 소개: 공연 당일 말도 없이 사라진 연극배우 혜원이. 6년 만에 다시 돌아와 공연을 올리자고 하는데..  나! 해보고 싶은 게 생겼어. 아니 소원 생겼어.  즐거웠던 그 시절로 다시 돌아간 이 느낌 추억과 오해가 뒤섞여 있다!  ---------- 즐겁고 행복한 관람 되실 수 있도록 남은 기간도 열심히 준비하겠습니다! ----------  기간과 상관없이 신입생 공연과 정기공연에 참여할 새로운 배우/스텝/각본/연출진 학우를 모집하고 있습니다! 인스타로 많은 문의 기다릴께요!   문의: instagram @ever._.green1965
공연,SNU 그랜드 퀘스트 오픈 포럼 안내,2023-11-10,중앙도서관 상산수리과학관 25-1동,서울대학교 국가미래,서울대학교 국가미래전략원에서 오는 ?9월 6일(수)~8일(금)과 13일(수)~15일(금)? 9월 첫째주와 둘째주에 걸쳐 SNU 그랜드 퀘스트 오픈포럼을 개최합니다.  과학기술의 미래를 열어가는 도전적 질문을 찾자는 목표 아래 도출한 ‘그랜드 퀘스트’는 각 분야에서 아직 풀리지 않고 실패할 가능성이 크지만 해법을 구한다면 그 분야의 패러다임을 바꿀 것으로 기대되는 문제입니다.  서울대가 던지는 ‘그랜드 퀘스트’는 과학기술의 미래를 열어갈 한국의 후속세대에게 도전의 목표가 될 것입니다. 나아가 미래의 지형에 먼저 닿고자 고심하는 한국의 산업계에도 도전의 이정표가 될 것으로 기대합니다. 국가미래전략원에서는 10대 분야에 걸쳐 문제를 도출하였으며 분아별로 도출된 그랜드 퀘스트의 중요성과 해결의 어려움을 공유하고 해법의 큰 방향성을 논의하고자 오픈포럼을 기획하고 개최하게 되었습니다.  이번 포럼은 오프라인으로 진행되며 대략적인 인원파악 및 이벤트 진행을 위해 사전 참가신청을 받고 있습니다. 아래의 사전 참가신청 링크를 활용하시거나 <SNU 그랜드퀘스트 홈페이지>에 접속하셔서 참가신청 해주시기 바랍니다. 사전 참가신청을 하신 선착순 20명(학부 및 대학원생 각 세션별)에게 카페 기프트카드를 드릴 예정입니다. 현장참석도 가능합니다.  사전 참가신청 링크 https://docs.google.com/forms/d/e/1FAIpQLScZlnH1Q9i0jukgnMxFwl6UM7VeZX7kM7fh7J98lmqxRqAJmw/viewform  홈페이지  http://snugrandquests.org/  브로셔 링크 https://drive.google.com/file/d/1XzjbLB6chzGUM9cMrFhC1c7J11sFESwl/view  관심있는 분들의 많은 참여를 부탁드립니다. 감사합니다.
공연,씨네꼼 가을 영화제,2023-11-10,서울대학교 두레문예관(67동) 401호 씨네꼼 대상영실,씨네꼼,_영화 속 뱀파이어  서울대학교 영화공동체 씨네꼼에서 가을 영화제를 개최합니다! 이번 영화제의 테마는 “영화 속 벰파이어”로 영화제 기간 중 매일 1편씩 19:00에 상영합니다. 사전 예약 없이 누구나 무료로 관람 가능하니 많은 관심 부탁드립니다!  상영장소  서울대학교 두레문예관(67동) 401호 씨네꼼 대상영실  상영일정  09/18(월) 1900 황혼에서 새벽까지 로버트 로드리게즈 1996 108분 - 09/19(화) 1900 렛미인 토마스 알프레드슨 2008 114분 - 09/20(수) 1900 박쥐 박찬욱 2009 133분 - 09/21(목) 1900 오직 사랑하는 이들만이 살아남는다 짐 자무쉬 2013 123분 - 09/22(금) 1900 뱀파이어에 관한 아주 특별한 다큐멘터리 저메인 클레멘트 2014 86분  각 영화의 포스터 및 소개글은 중앙도서관 터널에서 만나실 수 있습니다!  기획 소개  기획자: 김준수  뱀:파이어는 얼마나 슬펐을까 파:아란 가을하늘도 못보고 이:번 씨네꼼 영화제도 못보고 어:쩌면 좋아  가을이 성큼 다가왔습니다. 개강하기 전 가졌던 설렘과 기대 아직 간직하고 있으신가요. 누군가는 현생에 치어 눈코 뜰 새 없이 바쁜 나날들을 다른 누군가는 삶의 재미를 잃어버린 채 무료한 하루를 살고 있겠지요. 어쨌거나 저마다의 이유로 지친 우리에겐 무력감과 권태로부터 구원해줄 매혹적인 존재가 필요합니다.  과거의 사람들도 같은 마음이었을까요? 답답한 현실에서 잠시나마 도망가고 싶었던 사람들에겐 환상적인 무언가가 필요했습니다. 그것은 단숨에 사람들의 시선을 사로잡고 불멸을 맹세할 수 있으며 그 누구도 확인할 수 없는 존재여야 했습니다. 이러한 상상력이 모여 200년 전 그들을 구해줄 뱀파이어가 태어났습니다.  1819년 영국 소설가 폴리돌리의 「뱀파이어」에서 처음으로 뱀파이어가 대중문학에 나타났습니다. 그로부터 200년이 넘는 시간 동안 뱀파이어는 다양한 작품의 주인공으로 등장했습니다. 독특한 설정과 매력적인 서사 덕에 영화의 단골 소재가 되
공연,SNUPia 제30회 정기연주회,2023-11-10,음악대학 예술관 콘서트홀,SNUpia,안녕하세요! 중앙피아노동아리 SNUPia입니다. 벌써 개강 2주차를 맞이하게 되었습니다. 가을 날씨가 요원해보이는 요즈음 더위를 식힐만한 연주회 소식을 전해드리고자 합니다. SNUPia는 수많은 점검과 연습을 거치며 좋은 연주를 여러분들께 선보이기 위해 노력해왔고 그 결과 제30회 정기연주회를 개최할 수 있게 되었습니다. 이번 정기연주회에서는 12명의 연주자가 약 2시간동안 다양한 곡을 선보일 예정입니다. 영화음악부터 고전 낭만 인상주의 현대곡까지 넓은 스펙트럼의 레파토리로 본 공연을 구성하였습니다. 제각기 다른 느낌을 가지고 있는 각 작품의 매력에 빠져보시길 바랍니다. 많은 관심과 홍보 부탁드립니다. 감사합니다.  일시 : 9월 14일 (목요일) 19시 장소 : 음악대학 예술관 콘서트홀(49동) * 중간 입장이 가능하지만 가급적이면 처음부터 함께 해주세요!
공연,2023 독문극회 <물리학자들> 예매 안내,2023-11-10,14동 지하 1층 인문소극장,독문극회,2023 독문극회 공연 예매 안내   안녕하세요. 서울대학교 독문극회 eS입니다. 2023 원어연극제 독문극회 공연 정보 및 티켓 예매 방법을 안내드립니다. 아래 안내사항을 확인하시어 티켓 예매 부탁드립니다.  공연 정보 - ??? ???????? (물리학자들) * 공연 상연 중 한글 자막이 함께 제공됩니다 * 시놉시스 세계적인 정신과 의사인 찬트 박사가 운영하는 한 정신병원에서 간호사 살인사건이 연달아 발생한다. 가해자는 병원에서 치료 중이던 환자들로 각자 자신의 담당 간호사를 목졸라 살해한다.  자신을 뉴턴이라 주장하는 보이틀러 자신을 아인슈타인이라 주장하는 에르네스티 그리고 솔로몬 왕을 찬미하는 뫼비우스.  저마다의 이유로 정신 병원에 스스로를 격리시킨 세 명의 물리학자 들은 인류와 세상을 위해 모든 것을 함구하고 정신 병원에 남을 것 을 약속한다. 그러나 그들 앞에는 예상치 못한 더 큰 위기가 그들을 기다리고 있는데...  공연 일시 1회차 - 9.22(금) 19시 2회차 - 9.23(토) 14시 3회차 - 9.23(토) 18시  공연장 위치 서울대학교14동 지하 1층 인문소극장  러닝타임 약 100분 (인터미션 없음)  예매 바로가기 https://forms.gle/h8pY8ZDzu9YMttkM8  독문극회에 대해 더 알아보고 싶다면? > 독문극회 인스타그램으로! (@di_es_pielenden)  기타 문의사항은 독문극회 인스타그램 DM 혹은 기획 김은재(010-7678-5358)로 연락 부탁드립니다☺️
공연,서울대학교 서양화과? X 전기정보공학부 lullu 반⚡,2023-11-10,신촌 바플라이 2호점,서울대 서양화과 전,서울대학교 서양화과 X 전기정보공학부 lullu 반 일일호프  “벼ROCK 맞은 서양화“ 일일호프 준비됐어?  날짜 : 9월 15일 (금) 장소 : 신촌 바플라이 2호점 시간 : 오후 6시 ~ 오전 4시  일반테이블: 1인 5000원 미팅테이블: 1인 6000원  (현장 예매보다 사전 예매가 1000원 더 저렴합니다. 금요일 현장예매 특성상 웨이팅이 있을 수 있으니 사전 예약을 추천드립니다!)  입금계좌: 신한 110-545-416165 이준표  #일일호프 #합석보장 #벼rock맞은_서양화 #극rock #바플라이 #서울대 #신분증지참  미팅테이블(합석보장) 운영: 18:00~20:00 20:00~22:00 2:2 / 3:3 / 4:4 모두 가능   미팅테이블 (18:00-20:00 20:00-22:00) 미팅테이블은 오직 사전예매로만 진행합니다! 선착 마감 전 서둘러 신청해주세요 https://m.site.naver.com/1c4ZJ  일반테이블 (18:00-04:00) 사전예매는 현장예매보다 1000원 할인된 가격으로 진행합니다! 사전예매로 즐겨보세요 https://m.site.naver.com/1c4ZJ   조기마감될 수 있습니다. 서둘러서 예약하세요!  사전예매 링크는 @snu_artelc_ilhof 프로필 하단에 있습니다. 모든 문의는 @snu_artelc_ilhof 로 디엠 부탁드립니다.  주의사항 당일 실물 신분증 지참 필수  사진 신분증 학생증 불가  반드시 신분증 (주민등록증 여권 운전면허증)을 지참해주세요! 실물 신분증이 없이 학생증 신분증 사진으로는 입장이 불가능합니다. 바플라이 규정상 99-04년생만 입장가능합니다. 양해 부탁드립니다!
공연,?서울대학교 합창단 제 40회 정기 연주회?,2023-11-10,문화관 대강당,합창단,안녕하세요!! 서울대학교 합창단입니다 저희 합창단이 내일 9월 8일 오후 7시에 서울대학교 문화관 대강당에서 정기연주회를 개최합니다 공연곡을 포함한 공연에 대한 정보는 아래 팜플렛을 참고해주세요!! 많은 관심 부탁드립니다
공연,2023 화학부 가을 체육대회,2023-11-11,서울대 학부생 관악사 운동장(기숙사 운동장) 및 71동,화학부,2023 화학부 가을 체육대회 참불조사  안녕하세요! 화학부 16대 학생회입니다.  9월을 맞아 개강을 하니 날씨도 선선해지고 가을이 찾아오고 있는 것 같습니다~ 그!래!서! 가을을 맞이해 무려 5년만에 다시 체육대회를 개최하게 됐습니다! 대학원생과 교수님들까지 모두 참여하는 화학부의 큰 행사고 경품도 아주 빵빵하게 준비되어 있으니 많은 참여 바랍니다.  행사 일시: 10월 6일 (금) 오전 10시~오후 7시 장소: 서울대 학부생 관악사 운동장(기숙사 운동장) 및 71동 체육관 신청 기간: 9월 8일 (금)~9월 12일 (화) 신청 링크: 계정 상단의 링크트리 참조  일정 및 종목: 포스터를 참조해주시기 바랍니다!  FAQ) 특정 종목에 참여할 자신은 없지만 행사 자체는 참여하고 싶다면 어쩌죠?! : 행사에 오셔서 열심히 응원을 해주시면 됩니다! 다만 종목이 많이 준비되어있으니 그 중 하나 정도는 참여하시길 권장드립니다~~  여러 종목에 참여하고 싶습니다! : 참여 희망 인원이 부족한 경우 한 사람이 여러 종목에 참여 하시는 것도 가능합니다! 그러니 참여 의사가 있는 종목 모두 구글폼에서 중복 체크를 해주시면 되겠습니다   팀은 어떻게 나뉘나요? : 총 4개의 팀으로 진행되고 대학원생 3개팀과 학부생 1개팀으로 구성이 됩니다! 그러므로 신청하신 학부생분들은 모두 같은 팀으로 배정됩니다!  휴학생도 참여 가능할까요? : 해당 행사 시간에 시간이 되시고 재학생 인원으로 충당이 안되는 종목이 있다면 충분히 가능합니다!  이 외의 기타 질의사항에 대한 답변은 대학원 대표자분들+교수님들과의 회의에서 전달받는대로 정리하여 다시 안내해드리겠습니다!  체육대회지만 중간중간 가위바위보 OX 퀴즈 등 레크레이션도 꽤 준비되어 있으니 많은 분들께서 참여해서 함께 상품도 타고 점심 저녁도 무료로 드시면서 같이 추억을 쌓기 희망합니다!  기타 문의사항은 본 계정 (@snu_chem) DM으로 부탁드립니다.
공연,SNU Symphony Orchestra의 1학기 마지,2023-11-11,73동 문화관 대강당,관현악과,안녕하세요 음악대학 관현악과입니다.  돌아오는 수요일 저녁 SNU Symphony Orchestra의 1학기 마지막 정기연주회가 열립니다.  이번에는 임헌정 교수님의 지휘로 Beethoven Symphony 2번과 5번으로 여러분을 찾아뵐 예정이오니 많은 관심 부탁드립니다.  일시 : 6월 14일(수) 오후 7시 장소 : 73동 문화관 대강당 방법 : 전석 무료입장(선착순 별도 티겟 없음) 문의 : 02-880-7961 관현악과 사무실
공연,SNU 필하모닉 오케스트라 정기연주회 : 라흐마니노프의,2023-11-11,73동 문화관 대강당,관현악과,안녕하세요 음악대학 관현악과입니다.   SNU 필하모닉 오케스트라에서 6월 마지막 정기연주회로 < 라흐마니노프 > 시리즈를 선보입니다. SNU 필하모닉 오케스트라는 음악대학 관현악과 1 2학년 학생들로 구성된 오케스트라로 브람스 베토벤 차이코프스키 등의 교향곡과 협주곡들을 연주하며 수준 높은 관현악 레퍼토리를 섭렵해왔습니다.  이번 학기는 라흐마니노프의 정수를 느낄 수 있는 라흐마니노프 피아노 협주곡 2번과 교향곡 2번을 연주하오니 많은 관심 부탁드립니다.   일시: 6. 15 (목) 19시 장소: 73동 문화관 대강당 방법: 전석 무료입장 (별도 티켓 없음) 문의: 02-880-7961 관현악과 사무실
공연,김홍박 교수님의 “The romantic Horn“ 연,2023-11-11,49동 콘서트홀,음악대학 기획연구센,안녕하세요 음악대학 기획연구센터입니다. 이번 학기 마지막인 네번째 화요음악회 일정과 프로그램을 안내 드립니다. 6월 13일 화요일 오후 7시 김홍박 교수님의 “The romantic Horn“ 연주회가 열립니다.  화요음악회는 서울대학교 교직원 및 학생 관악구민을 포함하여 교내외 모든 분들을 대상으로 이루어지는 예술 공연 행사로써 관객들에게 국내외 저명한 연주자들의 연주를 접할 수 있는 기회를 제공하는 것에 목적을 두고 있습니다. 선선한 초여름 저녁 로맨틱하고 부드러운 호른 소리에 빠져보시길 바랍니다.   -사전 접수를 받지 않고 당일 선착순 입장으로 진행합니다. -관객입장은 18:40분부터 입장가능 하며 공연시작 5분 전 입장 마감합니다. -공연은 약 60분간 진행됩니다. -차량 가지고 오실 경우 따로 주차권은 발급해 드리지 않고 있으며 콘서트홀 앞 차량 주차가 제한 되어 음악대학 54동에 차량 주차 하신 후 이동 부탁 드립니다.  ▶ 문의: 음악대학 기획연구센터 musicsnu7914@naver.com 02-880-7914 02-880-7900
공연,실내악 시리즈 III : Claude Bolling,2023-11-11,49동 콘서트홀,음악대학 기획연구센,안녕하세요  실내악 시리즈 III : Claude Bolling 에 여러분을 초대합니다.  이번 공연은 음대 내 구성원뿐만 아니라 서울대 전체 구성원과 교외의 클래식 음악 애호가에게 열려있습니다.  이번 공연의 일정과 프로그램을 안내해 드립니다.  6월 9일 금요일 저녁 7시 49동 예술관 콘서트홀에서 실내악 공연을 진행합니다.   program Claude Bolling - Sonata for Two Pianist No.1  Claude Bolling - Suite for Flute No.1  공연관련 문의- 010-4043-7191
공연,관허 코스모스홀 개관 기념식,2023-11-11,28동 2층 관허 코스모스홀,물리천문학부 (천문,[관허 코스모스홀 개관 기념식 안내]  사람과 우주를 이어주는 공간인 천체투영관 관허 코스모스홀의 개관을 기념하는 행사를 진행합니다. 관허 코스모스홀은 작고하신 고 홍승수 교수님의 업적을 기리며 지난 2022년 12월 개관한 천체투영관 겸 멀티미디어 강의실입니다. 축사 및 홍승수 교수님의 업적 소개와 함께 단체 영화 관람 물리천문학부 밴드 광속계란(@egg_with_c.razy)의 축하 공연 또한 준비되어 있으니 많은 관심 부탁드립니다?  일시: 2023년 6월 27일(화) 14시 장소: 28동 2층 관허 코스모스홀 대상: 물리천문학부 구성원 신청: 6월 23일(금)까지 구글폼 선착순 제출 링크: https://forms.gle/iCFYmwr5Uugy8ouL6  [게시물 담당자: 천문학전공 행정실(02-880-6622)]
공연,2023 자연대 가을 축제 <You Science?>,2023-11-11,56동 앞 및 28동 일대,자연과학대학 학생회,2023 자연대 가을 축제 소개 <You Science? -부스 및 행사 소개편> 자연대가 펼치는 유사과학 콘테스트로 당신을 초대합니다!  일시: 9.25(월)~9.26(화)  장소: 56동 앞 및 28동 일대  부스 소개 물은 답을 알고 있다. 아(리스토텔레스는) 맞다!! 수리부(엉)스 경숙이네 자몽 농장 감.자(감각 있는 자연대) 지구를 지켜라! Restaurant de la matière noire 오펜하이머는 얼마나 좋았을까? 통계도 과학이다 미생 : 미팅 with 생명과학부  기타 부스 당신의 불주먹을 보여줄 수 있는 기회 맛있는 음식 가득 푸드트럭  귀여운 뭉이와 라미로 꾸며진 포토존과 굿즈까지  버스킹_Masked Sci-nger 복면 쓴 최고의 참가자에게 직접 투표해 보세요! 다양한 유사과학자를 만날 기회  9/25-9/26 축제에서 만나요  대체 텍스트 링크: https://docs.google.com/document/d/1u8vI6Mo1dqngkkOehLbNR9aahx6HDuwTj2QM_TZ5gr4/edit?usp=drivesdk  [게시물 담당자: 자연대 축제기획단 마케팅팀장 김나은 (010-8252-3959)]
공연,서울대 무용부 공연,2023-11-11,두레문예관 B1층 공연장,서울대 무용부,D-2 무용부 공연  어느덧 제 58회 서울대학교 무용부 정기공연이 2일만을 남겨두고 있습니다!  <우리가 걸어갈 걷는 걸어온 길>은 6월 21일 수요일 7시 서울대학교 두레문예관 B1층 공연장에서 막을 올립니다 지금 이 순간에도 서울대학교 무용부원들은 작품 하나하나 정성을 가득 담아 준비하고 있습니다!  많은 관심과 응원 부탁드립니다. 감사합니다
공연,디자인과 과제전 <가속>,2023-11-11,서울대학교 49동 2층 S&D 홀,없음,서울대학교 디자인과에서 흥미로운 전시회가 열렸습니다! 가속에 관한 모든 것입니다. 정말 짜릿하네요! 마감일이 다가올수록 과제를 끝내기 위해 동분서주하는 디자인과 학생들의 심오한 현상을 훌륭하게 포착해냈습니다. 이 전시회를 통해 학생들이 얼마나 놀라운 속도로 작품을 만들어내는지 확인할 수 있습니다. 그토록 중요한 마감일을 맞추기 위한 학생들의 절박함과 정신없는 속도를 보면 정말 경외심을 불러일으킵니다. 가속도는 창작 과정에 수반되는 유쾌한 압박감과 스트레스를 극명하게 상기시켜 줍니다. 따라서 수면 부족에 시달리는 예술가들이 막바지에 필사적으로 걸작을 만들어내는 모습을 보고 싶다면 이 전시회를 꼭 봐야 합니다. 미루는 습관과 카페인을 연료로 한 독창성의 놀라운 전시를 감상할 수 있는 기회를 놓치지 마세요. 정말 잊을 수 없는 경험이 될 수도 있고 바쁜 우리 자신의 삶을 생생하게 상기시켜 줄 수도 있습니다. 즐기세요!  일시 2023.6.15 (목) - 6.18 (일) 10:00 ~ 19:00  오프닝 2023.6.15 (목) 10:00 서울대학교 49동 2층 S&D 홀  이벤트 디자인과 빙고 디자인과/타과타대생 모두 참가 가능한 빙고입니다. 5빙고가 나오면 당신도 명예 디자인과! 추첨 3인에게 노트북 거치대 커피 기프티콘을 드립니다~  참여 방법 | 인스타 스토리에 서울대학교 디자인과 계정 @snudesign 을 태그하여 올려주세요  전시 스탬프 투어 수업 별 전시를 관람하면서 나만의 티켓을 만들어보세요! 예쁘게 만든 티켓을 인스타그램에 올려 자랑해보는 건 어떨까요?  참여 방법 | 전시장마다 비치된 도장을 전시회 티켓에 찍어주세요  과제전 후기 게시판 디자인과 과제전 <가속> 즐겁게 감상하셨나요? 마음에 드는 작품에 감상을 남겨주세요! 남겨주신 포스트잇을 작가에게 전달해 드립니다.  참여 방법 | 49동 입구 안쪽에 비치된 화이트 보드에 감상 포스트잇을 붙여주세요
공연,실내악 시리즈 II : Camille Saint- Sa,2023-11-11,49동 콘서트홀,음악대학 기획연구센,Camille Saint- Saëns - Clarinet Sonata Op.167 Camille Saint- Saëns - Bassoon Sonata Op.168  Camille Saint- Saëns - Danse macabre Op.40 Camille Saint- Saëns - Le carnaval des animaux
공연,런치콘서트 시리즈의 네번째 음악회,2023-11-11,49동 콘서트홀,음악대학 기획연구센,안녕하세요 음악대학입니다.  이번 학기 런치콘서트 시리즈의 네번째 음악회에 여러분을 초대합니다.  음악대학 학생들의 자발적인 참여로 이루어지고 있는 런치콘서트에서는 다양한 장르의 음악을 만나실 수 있습니다. 런치콘서트는 음대 내 구성원뿐만 아니라 서울대 전체 구성원과 교외의 클래식 음악 애호가에게 열려있습니다.  이번 학기 네번째 런치콘서트 일정과 프로그램을 안내해 드립니다.  5월 9일 화요일 낮 12시 49동 예술관 콘서트홀에서 네번째 런치콘서트를 45분간 진행하며 음악회를 마친 후에는 김밥을 제공할 예정입니다.  앞으로 남은 2회 진행 예정인 런치콘서트 시리즈에 많은 관심 부탁드리며 클래식 음악과 함께 5월을 만끽하시길 바랍니다.  * 사전 접수를 받지 않고 당일 선착순 입장으로 진행합니다. * 콘서트홀 내부가 복잡하여 연주회 시작 5분 전 입장 마감합니다. * 주차권 지급이 어렵습니다. 차량은 54동 음악대학에 주차 후 콘서트 홀로 이동 부탁드립니다.   문의: 음악대학 기획연구센터 02-880-7914 musicsnu7914@naver.com
공연,한국의 아름다운 고지도,2023-11-11,한벽원 미술관,서울대학교 미술품보,안녕하세요   서울대학교 미술품보존연구센터 < 한국의 아름다운 고지도 > 전시가 한벽원 미술관에서 열립니다.   - 날짜 : 8.4(금) ~ 8.15(화)  - 시간 : 10:00 ~ 18:00  - 장소 : 한벽원 미술관   서울대학교 미술품보존연구센터는 미술품의 보존 연구와 교육 및 후진 양성을 목적으로 조형연구소 산하의 센터로 설립되었습니다. 2012년 규장각한국학연구원 소장 <의순관영조도> 모사본 제작 사업을 시작으로 2013년 국립고궁박물관 소장 회화유물 <태조어진(太祖御眞)> 모사본 제작을 비롯하여 2023년 현재까지 23건의 중요한 문화재의 모사본 제작사업을 수행하였습니다. 이번 전시에는 미술품보존연구센터가 수행한 모사본 제작사업 중 아름다운고지도 모사본들을 선보입니다.   ‘한국의 아름다운 고지도’ 전시를 통하여 우리 문화재에 깃든 정신과 아름다운 표현을 공감하기 바랍니다.
공연,헥토파스카 & 베루카 연합공연,2023-11-11,합정 드림홀,서울대학교 밴드동아,사범대 소속 밴드 헥토파스칼과 자유전공학부 소속 밴드 베루카의 연합공연입니다! 그루브 있는 R&B부터 생각없이 뛰어 놀 수 있는 락까지 다양한 장르의 음악들을 준비했으니 오셔서 즐겨주시면 감사하겠습니다!
공연,네비게이토 선교회 신입생 재학생 초청 모임,2023-11-11,사범대학교 12동 401호,서울대학교 동아리 ,쌓인 과제 중간고사로 지친 신입생 및 재학생들을 위해 네비게이토 선교회에서 쉬어가는 자리를 마련했습니다. 환영공연 Skit 그룹모임 레크레이션 등 재미있고 유익한 활동 프로그램들이 준비되어 있고 18:30분부터 저녁식사도 제공되니 많은 참여 부탁드립니다.
공연,연세대학교 상경·경영대학 학생회 Big Step 일일호,2023-11-11,신촌 바플라이 2호점,연세대학교 57대 ,연세대학교 상경·경영대학 학생회 Big Step 일일호프  안녕하세요 연세대학교 제57대 상경·경영대학 학생회 Big Step에서 일일호프를 진행합니다~‼️  이상형 반영 미팅 테이블 마음의 쪽지 전달 노래 신청 마지막으로 미남 미녀 스태프까지 있는 Big Step 일일호프 놓치지 마세요! 아래 안내사항 꼼꼼히 정독 후 구글폼 작성 부탁드립니다.  일행인 경우 대표자만 해당 구글폼을 제출해주시면 됩니다. 사전 예약 시 대기 시간이 현저하게 줄어듭니다.  일시: 10/5(목) 18:00 ~ 10/6(금) 04:00 장소: 신촌 바플라이 2호점 사전 예약 방법: 아래 계좌로 일행 전원의 입장료 송금 후 구글폼 작성 계좌: 79798497682 카카오뱅크 이주연 *입금자명을 [대표자 이름+대표자 전화번호 뒤 4자리]로 해주셔야 입금 확인이 가능합니다. 금액: 인당 일반석 5000원/미팅석 6000원 사전 예약 기간: ~10/2(월) 23:59 *사전 예약 수량 매진 시 조기 마감될 수 있습니다. 사전 예약 구글폼 -일반석: https://forms.gle/eSEUhhHV6gW82Rb87 -미팅석: https://forms.gle/qifd7jm1mXyU37w4A  문의사항: 카카오톡 오픈채팅을 시작해 보세요. 링크를 선택하면 카카오톡이 실행됩니다.  10/5 빅스텝 일일호프 문의 https://open.kakao.com/o/gEmqm1If
공연,문화교류연학동아리 물결 일일호프,2023-11-11,신촌 바플라이 3호점,신촌 문화교류연합동,D-7 ‼️10월 6일 문화교류연합동아리 물결의 일일호프에 초대합니다 ‼️ ‼️물결만의 블라인드 미팅 이벤트까지 ‼️  날짜 : 10월 6일 금요일 장소 : 신촌 바플라이 (3호점 단밤) 시간 : 오후 6시~익일 오전 4시  시험기간 전 마지막으로 신나게 놀고싶은 분들 !! 새로운 사람 좋은 인연을 만들고 싶으신 분들 !! 바플라이 3호점으로 놀러오세요  입장료  일반 테이블  현장구매: 6000원 사전예매(일반석) : 5000원 입금계좌 : 3333196310036 카카오뱅크 (물결) 링크 : https://forms.gle/BjcTaqk6vDwvUATn6  미팅 테이블 사전예매(미팅석) : 6000원 입금계좌 : 3333196310036 카카오뱅크 (물결) 링크 : https://forms.gle/orW5Hm8SHxHEHKJp8  다양한 이벤트  블라인드 미팅이벤트 1. 입장하시는 남성분들이 자신의 취미 mbti 인스타 아이디를 포스티잇에 적는다. 2. 포스티잇을 게시판에 붙인다. 3. 퇴장하시는 여성분들이 마음에 드는 포스티잇을 가져간다.  베스트 드레서 ‼️ 동아리 물결에 어울리는 파란색 코디를 가장 멋지게 한 분들께 서비스 증정 ‼️  예약안내 예약금 X 인원수를 대표자 1인이 입금 후 구글폼을 작성해주시면 됩니다. 입금자명과 구글폼 작성명을 동일하게 기재해주세요. 미팅 테이블인 2인만 예약가능합니다. 98~04년생까지만 입장가능합니다. 입금 후 환불 불가힙니다.  ----------------------------------  ‼️모든 문의는 인스타그램 디엠과 오픈채팅으로만 받습니다‼️ 인스타그램 : @waves__rise 오픈채팅 : https://open.kakao.com/o/s7G3SUIf
공연,서울대학교 방송 SUB 일일호프,2023-11-12,신촌 바플라이 2호점,서울대학교 방송부,서울대에도 방송부 있음 심지어 일홉도 함 [서울대학교 방송 SUB 일일호프]  서울대에 방송부가 있다고? (웅성웅성) 근데 그 사람들이 일홉도 한다고? (수군수군)   아 아 바쁘신 와중에 죄송합니다. 잠시 방송 하나만 하겠습니다. 천고마비의 계절 가을을 맞아 관악구 당도최고 꿀맛 일일호프 서울대학교 방송부 일일호프가 신촌을 찾아갑니다   일시 날짜: 2023년 10월 2일 월요일 저녁 6시 ~ 익일 새벽 3시 반 장소: 신촌 바플라이 호점 달밤 (서대문구 연세로9길 10-1 지하)  사전 예약 링크 https://docs.google.com/forms/d/e/1FAIpQLSf40n9YHyrkfx72GjC9_F55YBSLRckKwRlcKecOeGMzwZIW4Q/viewform?usp=sf_link  입장료 사전예약 시 현장 입장보다 저렴하고 빠르게 입장 가능합니다  사전예매 기간 : 9월 12일 ~ 10월 1일 16:30까지  일반 테이블 사전예약: 1인 5000원 두근두근 미팅 테이블 : 1인 6000원 현장 입장: 1인 6000원 * 입금자명은 꼭 예약자 성함으로 작성해주세요!! 입금 계좌: 카카오뱅크 3333283183679  미팅 테이블 미팅 테이블은 저희가 입장부터 미팅을 주선해드리는 자리이며 오후 6시부터 8시까지만 운영할 예정입니다!  주의 사항 - 신분증을 꼭 지참해주세요!! (실물 학생증이나 모바일 학생증 등은 사용이 불가합니다. ‼️생년월일이 표기된‼️ 주민등록증 운전면허증 등을 지참해주세요!) - 단순 변심으로 인한 사전예약비 환불은 어렵습니다. - 미팅 테이블 예약자분들은 예약하신 시간에 맞게 도착해주세요. - 현장에서는 계좌이체만 가능합니다!  현장에서 다양한 이벤트도 진행될 예정이니 많은 관심 부탁드립니다!  자세한 내용은 일일호프 인스타그램 > @subilhop < 을 참고해주세요   *추가로 더 궁금하신 점은 아래 오픈채팅이나 dm으로 남겨주시면 감사하겠습니다!
공연,다양성위원회 추천 영화전: 런치무비콘서트 & 관객과의 ,2023-11-12,관정관 6층 관정미디어플렉스 정인식소극장,서울대학교 다양성위,지난 4월 제5회 다양성 도서/영화 추천사 공모전에서 최우수 추천사로 당선된 영화 <로렐>을 함께 보고 이어 관객과의 대화를 개최합니다. 여러분의 많은 참여 바랍니다.  ※ 참여를 원하시는 분은 아래 이미지에서 QR을 찍어 사전등록을 해 주시기 바랍니다.   <런치무비콘서트>  - 상영작: 로렐 (언어: 영어 자막: 한국어)  - 일시: 2023년 10월 18일(수) 11:00~13:00  - 장소: 관정관 6층 관정미디어플렉스 정인식소극장  ※ 영화 상영 후 샌드위치 증정 (사전등록 시 메뉴 선택 가능)   <관객과의 대화>  - 일시: 2023년 10월 18일(수) 14:00~16:00  - 장소: 관정관 3층 양두석홀  - 연사: 주성철 평론가(씨네플레이 편집장)  - 주제: 벡델테스트와 소수자 재현 성평등한 영화의 꿈  - 사회: 윤세진(서울대학교 여성학협동과정)  - 주최: 다양성위원회 중앙도서관 공동주최
공연,2023 서울대학교 의류학과 패션쇼 ‘서울 SEOUL’,2023-11-12,서울대학교 정문,서울대학교 의류학과,10월 11일(수) 저녁 7시 30분 제42회 서울대학교 의류학과 패션쇼를 올립니다. 서울대학교 정문에서 누구나 무료 관람 가능하오니 많은 관심 바랍니다 :)  2023 서울대학교 의류학과 패션쇼 ‘서울 SEOUL’  [장소] 서울대학교 정문  [일시] 2023. 10. 11 (수) 오후 7시 30분  [인스타그램 계정] https://www.instagram.com/snu_fashionshow/  쇼 준비 과정 및 홍보 게시물이 업로드되는 계정이며 패션쇼에 대한 자세한 내용을 확인해보실 수 있습니다! 쇼 이후 사진 및 영상 아카이브로 활용될 예정입니다.  [텀블벅 펀딩] https://link.tumblbug.com/UiMD2cPVjDb  패션쇼 준비 예산을 위한 텀블벅 펀딩을 진행 중입니다. (~9월 30일)  *본 텀블벅은 판매/구매가 아닌 후원의 목적으로 텀블벅으로 패션쇼 티켓 구매가 이루어지는 것이 아닙니다. 서울대학교 의류학과 패션쇼에 관심이 있다면 후원을 하지 않아도 누구나 자유롭게 오셔서 관람 가능합니다.  (현재 400석 정도가 예정되어 있으며 자리가 없어도 서서 관람할 수 있습니다. 얼리버드 세트 선택 시 선착순 20명에게 후원자 본인에 한해 우대 좌석을 드립니다.)
공연,ECU (Evangelical Christian Uni,2023-11-12,서울대학교 9동 101호,서울대기독인연합 소,ECU (Evangelical Christian Union) 치킨파티에 초대합니다  맛있는 치킨과 함께 기독교에 대해 무엇이든 이야기할 수 있는 절호의 기회!!  평소에 기독교에 대해 알아보고 싶었거나 성경에 대해 의문점이 있거나 왜 사람들이 기독교를 믿는지 궁금하거나 인생이 허무하거나 삶의 목적에 의구심이 들거나 교회는 다니지만 왜 교회를 다니는지 모르거나 신앙생활에 열심은 있는데 어떻게 할 지 모르겠거나 등등…. 누구나 환영합니다!!!  아래 구글 폼에 먹고싶은 치킨이랑 기독교에 대해 얼마나 아는지만 적어주고 오시면 되어요! (개인정보 X) https://forms.gle/DenjEx8PNtxQj23R9  일시 : 2023.09.26 화요일 저녁 6:30 장소 : 9동 101호 대상 : 기독교에 관심 있는 누구나 문의 : 010-7758-5914
공연,2023 GoAheaD 9월 정기공연,2023-11-12,서울대학교 63동 학생회관 2층 라운지,서울대학교 여성댄스,안녕하세요 관악 유일 여성댄스동아리 GoAheaD입니다!  조용히 우릴 기다리던 무대를 깨워 춤으로 가득 채울 고어헤드의 9월 정기공연에 여러분을 초대합니다!  공연 시간 : 9월 21일 목요일 오후 7시 공연 장소 : 서울대학교 63동 학생회관 2층 라운지 대상 : 춤을 사랑하고 고어헤드가 궁금한 누구나!  ?? ??? ?? [ ] ?? ??? ?????  빈칸을 채우며 세계를 넓혀나갑니다 가능성은 무한하고 무대는 언제나 우리를 위해 비어있습니다  * 전석 무료 입장 / 선착순 입장
공연,2023학년도 1학기 서양화과 학사과정 졸업전시 / 석,2023-11-12,미술대학 전체,서울대학교 미술대학,안녕하세요.  미술대학에서 열릴 2023학년도 1학기 서양화과 학사과정 졸업전시 / 석·박사 학위청구전 / 2·3학년 과제전을 알려드립니다.  ● 관람일: 6/1(목) ~ 6/4(일) ● 시간: 10:00 ~ 18:00 ● 장소: 미술대학 전체 50동 2층 복도 51동 2층 복도/208호/211호/3층 복도 52동 3층 복도 74동 우석갤러리  많은 관심 부탁드립니다.
학술,학교 연례 예술전시회,2023-10-23,대학 교내 예술 갤러리,이름5,학생들의 미술과 창작을 전시하는 행사! 예술의 아름다움을 감상합니다.
학술,학교 연례 예술전시회,2023-10-23,대학 교내 예술 갤러리,이름5,학생들의 미술과 창작을 전시하는 행사! 예술의 아름다움을 감상합니다.
학술,학교 연례 예술전시회,2023-10-23,대학 교내 예술 갤러리,경력개발센터,학생들의 미술과 창작을 전시하는 행사! 예술의 아름다움을 감상합니다.
학술,어떤 제목,2023-11-07,어떤 곳,수학기반산업데이터해,어떤 내용
